Kind,Name,CountClassCoupled,CountDeclMethod,PercentLackOfCohesion,Date
Class,org.jfree.chart.JFreeChartInfo,7,2,0,2004-01-09
Class,org.jfree.chart.demo.BarChartDemo3.CustomRenderer,1,2,0,2004-01-09
Class,org.jfree.chart.demo.CompassDemo.jbInit.(Anon_1),2,1,0,2004-01-09
Class,org.jfree.chart.demo.CompassDemo.jbInit.(Anon_2),2,1,0,2004-01-09
Class,org.jfree.chart.demo.CompassDemo.jbInit.(Anon_3),5,1,0,2004-01-09
Class,org.jfree.chart.demo.CompassDemo.jbInit.(Anon_4),5,1,0,2004-01-09
Class,org.jfree.chart.demo.CompassDemo.jbInit.(Anon_5),2,1,0,2004-01-09
Class,org.jfree.chart.demo.CompassDemo.jbInit.(Anon_6),2,1,0,2004-01-09
Class,org.jfree.chart.demo.CyclicXYPlotDemo.CyclicXYPlotDemo.(Anon_1),3,1,0,2004-01-09
Class,org.jfree.chart.demo.CyclicXYPlotDemo.CyclicXYPlotDemo.(Anon_2),3,1,0,2004-01-09
Class,org.jfree.chart.demo.CyclicXYPlotDemo.CyclicXYPlotDemo.(Anon_3),2,1,0,2004-01-09
Class,org.jfree.chart.demo.JFreeChartDemo.JFreeChartDemo.(Anon_1),3,1,0,2004-01-09
Class,org.jfree.chart.demo.MeterChartDemo.displayMeterChart.(Anon_1),2,1,0,2004-01-09
Class,org.jfree.chart.demo.MouseZoomDemo.CheckListener,4,1,0,2004-01-09
Class,org.jfree.chart.demo.MultiShapesXYDemo.DemoRenderer,11,7,0,2004-01-09
Class,org.jfree.chart.demo.Rotator,3,2,25,2004-01-09
Class,org.jfree.chart.demo.ThermometerDemo.jbInit.(Anon_1),2,1,0,2004-01-09
Class,org.jfree.chart.demo.ThermometerDemo.jbInit.(Anon_10),2,1,0,2004-01-09
Class,org.jfree.chart.demo.ThermometerDemo.jbInit.(Anon_11),2,1,0,2004-01-09
Class,org.jfree.chart.demo.ThermometerDemo.jbInit.(Anon_12),2,1,0,2004-01-09
Class,org.jfree.chart.demo.ThermometerDemo.jbInit.(Anon_13),2,1,0,2004-01-09
Class,org.jfree.chart.demo.ThermometerDemo.jbInit.(Anon_14),2,1,0,2004-01-09
Class,org.jfree.chart.demo.ThermometerDemo.jbInit.(Anon_2),2,1,0,2004-01-09
Class,org.jfree.chart.demo.ThermometerDemo.jbInit.(Anon_3),2,1,0,2004-01-09
Class,org.jfree.chart.demo.ThermometerDemo.jbInit.(Anon_4),2,1,0,2004-01-09
Class,org.jfree.chart.demo.ThermometerDemo.jbInit.(Anon_5),2,1,0,2004-01-09
Class,org.jfree.chart.demo.ThermometerDemo.jbInit.(Anon_6),2,1,0,2004-01-09
Class,org.jfree.chart.demo.ThermometerDemo.jbInit.(Anon_7),2,1,0,2004-01-09
Class,org.jfree.chart.demo.ThermometerDemo.jbInit.(Anon_8),2,1,0,2004-01-09
Class,org.jfree.chart.demo.ThermometerDemo.jbInit.(Anon_9),2,1,0,2004-01-09
Class,org.jfree.chart.renderer.AreaXYItemRendererState,4,1,0,2004-01-09
Class,org.jfree.chart.renderer.MinMaxCategoryRenderer.getIcon.(Anon_1),6,3,0,2004-01-09
Class,org.jfree.chart.renderer.MinMaxCategoryRenderer.getIcon.(Anon_2),6,3,0,2004-01-09
Class,org.jfree.chart.ui.LegendPropertyEditPanel,17,13,75,2004-01-09
Class,org.jfree.chart.ui.NumberAxisPropertyEditPanel,21,13,73,2004-01-09
Class,org.jfree.data.HistogramBin,1,6,55,2004-01-09
Class,org.jfree.data.WindDataItem,2,5,53,2004-01-09
Private Class,org.jfree.chart.demo.BubblyBubblesDemo.UpdaterThread,5,1,0,2004-01-09
Private Class,org.jfree.chart.demo.BubblyBubblesDemo2.UpdaterThread,5,1,0,2004-01-09
Private Class,org.jfree.data.CombinedDataset.DatasetInfo,1,1,0,2004-01-09
Private Static Class,org.jfree.chart.axis.DateAxis.DefaultTimeline,1,8,0,2004-01-09
Private Static Class,org.jfree.data.HistogramDataset.HistogramType,0,1,0,2004-01-09
Protected Class,org.jfree.chart.axis.SegmentedTimeline.BaseTimelineSegmentRange,0,1,0,2004-01-09
Protected Class,org.jfree.chart.axis.SegmentedTimeline.SegmentRange,3,6,66,2004-01-09
Protected Class,org.jfree.data.time.DynamicTimeSeriesCollection.ValueSequence,1,4,25,2004-01-09
Protected Static Class,org.jfree.chart.axis.CyclicNumberAxis.CycleBoundTick,2,1,0,2004-01-09
Protected Static Class,org.jfree.chart.renderer.CyclicXYItemRenderer.OverwriteDataSet,5,10,70,2004-01-09
Public Abstract Class,org.jfree.chart.ChartFactory,84,32,0,2004-01-09
Public Abstract Class,org.jfree.chart.Legend,14,15,88,2004-01-09
Public Abstract Class,org.jfree.chart.axis.Axis,30,55,91,2004-01-09
Public Abstract Class,org.jfree.chart.axis.Tick,2,7,67,2004-01-09
Public Abstract Class,org.jfree.chart.axis.TickUnit,1,5,19,2004-01-09
Public Abstract Class,org.jfree.chart.axis.ValueAxis,35,59,94,2004-01-09
Public Abstract Class,org.jfree.chart.axis.ValueTick,1,2,0,2004-01-09
Public Abstract Class,org.jfree.chart.needle.MeterNeedle,17,25,81,2004-01-09
Public Abstract Class,org.jfree.chart.plot.ContourPlotUtilities,3,1,0,2004-01-09
Public Abstract Class,org.jfree.chart.plot.Plot,41,56,94,2004-01-09
Public Abstract Class,org.jfree.chart.renderer.AbstractCategoryItemRenderer,38,37,89,2004-01-09
Public Abstract Class,org.jfree.chart.renderer.AbstractRenderer,28,131,96,2004-01-09
Public Abstract Class,org.jfree.chart.renderer.AbstractXYItemRenderer,32,25,82,2004-01-09
Public Abstract Class,org.jfree.chart.title.LegendTitle,6,4,75,2004-01-09
Public Abstract Class,org.jfree.chart.title.Title,15,23,93,2004-01-09
Public Abstract Class,org.jfree.chart.ui.ColorPalette,8,25,83,2004-01-09
Public Abstract Class,org.jfree.data.AbstractDataset,11,11,59,2004-01-09
Public Abstract Class,org.jfree.data.AbstractSeriesDataset,2,4,0,2004-01-09
Public Abstract Class,org.jfree.data.Regression,4,4,0,2004-01-09
Public Abstract Class,org.jfree.data.time.RegularTimePeriod,4,15,86,2004-01-09
Public Class,org.jfree.chart.ChartColor,0,2,50,2004-01-09
Public Class,org.jfree.chart.ChartFrame,4,3,33,2004-01-09
Public Class,org.jfree.chart.ChartMouseEvent,3,4,50,2004-01-09
Public Class,org.jfree.chart.ChartPanel,57,68,94,2004-01-09
Public Class,org.jfree.chart.ChartRenderingInfo,5,10,62,2004-01-09
Public Class,org.jfree.chart.ChartUtilities,28,28,85,2004-01-09
Public Class,org.jfree.chart.ClipPath,13,25,80,2004-01-09
Public Class,org.jfree.chart.CrosshairInfo,2,13,73,2004-01-09
Public Class,org.jfree.chart.DefaultShapeFactory,5,2,0,2004-01-09
Public Class,org.jfree.chart.DrawableLegendItem,6,18,87,2004-01-09
Public Class,org.jfree.chart.IntervalMarker,6,6,66,2004-01-09
Public Class,org.jfree.chart.JFreeChart,49,60,90,2004-01-09
Public Class,org.jfree.chart.LegendItem,4,5,60,2004-01-09
Public Class,org.jfree.chart.LegendItemCollection,4,6,0,2004-01-09
Public Class,org.jfree.chart.Marker,12,19,78,2004-01-09
Public Class,org.jfree.chart.MarkerLabelPosition,1,3,80,2004-01-09
Public Class,org.jfree.chart.MeterLegend,26,9,77,2004-01-09
Public Class,org.jfree.chart.SeriesShapeFactory,6,4,75,2004-01-09
Public Class,org.jfree.chart.Spacer,2,9,42,2004-01-09
Public Class,org.jfree.chart.StandardLegend,37,40,90,2004-01-09
Public Class,org.jfree.chart.StandardLegendItemLayout,4,4,56,2004-01-09
Public Class,org.jfree.chart.annotations.CategoryTextAnnotation,15,10,50,2004-01-09
Public Class,org.jfree.chart.annotations.TextAnnotation,8,16,82,2004-01-09
Public Class,org.jfree.chart.annotations.XYDrawableAnnotation,8,4,25,2004-01-09
Public Class,org.jfree.chart.annotations.XYImageAnnotation,10,4,25,2004-01-09
Public Class,org.jfree.chart.annotations.XYLineAnnotation,15,6,38,2004-01-09
Public Class,org.jfree.chart.annotations.XYPointerAnnotation,23,22,82,2004-01-09
Public Class,org.jfree.chart.annotations.XYShapeAnnotation,10,2,0,2004-01-09
Public Class,org.jfree.chart.annotations.XYTextAnnotation,9,7,42,2004-01-09
Public Class,org.jfree.chart.annotations.junit.AnnotationsPackageTests,8,2,0,2004-01-09
Public Class,org.jfree.chart.annotations.junit.CategoryTextAnnotationTests,15,5,0,2004-01-09
Public Class,org.jfree.chart.annotations.junit.TextAnnotationTests,7,3,0,2004-01-09
Public Class,org.jfree.chart.annotations.junit.XYDrawableAnnotationTests,15,5,0,2004-01-09
Public Class,org.jfree.chart.annotations.junit.XYLineAnnotationTests,17,5,0,2004-01-09
Public Class,org.jfree.chart.annotations.junit.XYPointerAnnotationTests,18,5,0,2004-01-09
Public Class,org.jfree.chart.annotations.junit.XYTextAnnotationTests,15,5,0,2004-01-09
Public Class,org.jfree.chart.axis.AxisCollection,3,6,50,2004-01-09
Public Class,org.jfree.chart.axis.AxisLocation,2,4,65,2004-01-09
Public Class,org.jfree.chart.axis.AxisSpace,6,19,42,2004-01-09
Public Class,org.jfree.chart.axis.AxisState,2,12,66,2004-01-09
Public Class,org.jfree.chart.axis.CategoryAnchor,2,4,62,2004-01-09
Public Class,org.jfree.chart.axis.CategoryAxis,30,43,90,2004-01-09
Public Class,org.jfree.chart.axis.CategoryAxis3D,9,4,0,2004-01-09
Public Class,org.jfree.chart.axis.CategoryLabelPosition,0,7,57,2004-01-09
Public Class,org.jfree.chart.axis.CategoryLabelPositions,2,9,85,2004-01-09
Public Class,org.jfree.chart.axis.CategoryTick,1,4,50,2004-01-09
Public Class,org.jfree.chart.axis.ColorBar,23,16,76,2004-01-09
Public Class,org.jfree.chart.axis.CyclicNumberAxis,34,34,87,2004-01-09
Public Class,org.jfree.chart.axis.DateAxis,37,42,92,2004-01-09
Public Class,org.jfree.chart.axis.DateTick,2,2,0,2004-01-09
Public Class,org.jfree.chart.axis.DateTickMarkPosition,1,3,75,2004-01-09
Public Class,org.jfree.chart.axis.DateTickUnit,5,15,81,2004-01-09
Public Class,org.jfree.chart.axis.ExtendedCategoryAxis,6,5,30,2004-01-09
Public Class,org.jfree.chart.axis.LogarithmicAxis,20,24,82,2004-01-09
Public Class,org.jfree.chart.axis.MarkerAxisBand,21,6,38,2004-01-09
Public Class,org.jfree.chart.axis.NumberAxis,30,35,92,2004-01-09
Public Class,org.jfree.chart.axis.NumberAxis3D,9,3,0,2004-01-09
Public Class,org.jfree.chart.axis.NumberTick,2,2,0,2004-01-09
Public Class,org.jfree.chart.axis.NumberTickUnit,2,3,33,2004-01-09
Public Class,org.jfree.chart.axis.SegmentedTimeline,15,40,94,2004-01-09
Public Class,org.jfree.chart.axis.SegmentedTimeline.Segment,3,30,70,2004-01-09
Public Class,org.jfree.chart.axis.StandardTickUnitSource,4,3,33,2004-01-09
Public Class,org.jfree.chart.axis.SymbolicAxis,31,16,81,2004-01-09
Public Class,org.jfree.chart.axis.SymbolicTickUnit,3,3,0,2004-01-09
Public Class,org.jfree.chart.axis.TickUnits,11,13,38,2004-01-09
Public Class,org.jfree.chart.axis.junit.AxisLocationTests,13,5,0,2004-01-09
Public Class,org.jfree.chart.axis.junit.AxisPackageTests,13,2,0,2004-01-09
Public Class,org.jfree.chart.axis.junit.AxisSpaceTests,6,3,0,2004-01-09
Public Class,org.jfree.chart.axis.junit.AxisTests,11,4,0,2004-01-09
Public Class,org.jfree.chart.axis.junit.CategoryAxis3DTests,15,4,0,2004-01-09
Public Class,org.jfree.chart.axis.junit.CategoryAxisTests,14,5,0,2004-01-09
Public Class,org.jfree.chart.axis.junit.ColorBarTests,14,4,0,2004-01-09
Public Class,org.jfree.chart.axis.junit.CyclicNumberAxisTests,18,5,0,2004-01-09
Public Class,org.jfree.chart.axis.junit.DateAxisTests,25,10,0,2004-01-09
Public Class,org.jfree.chart.axis.junit.DateTickUnitTests,13,4,0,2004-01-09
Public Class,org.jfree.chart.axis.junit.LogarithmicAxisTests,13,3,0,2004-01-09
Public Class,org.jfree.chart.axis.junit.MarkerAxisBandTests,13,3,0,2004-01-09
Public Class,org.jfree.chart.axis.junit.NumberAxis3DTests,13,3,0,2004-01-09
Public Class,org.jfree.chart.axis.junit.NumberAxisTests,25,10,0,2004-01-09
Public Class,org.jfree.chart.axis.junit.SegmentedTimelineTests,29,45,91,2004-01-09
Public Class,org.jfree.chart.axis.junit.SymbolicAxisTests,13,3,0,2004-01-09
Public Class,org.jfree.chart.axis.junit.ValueAxisTests,12,4,0,2004-01-09
Public Class,org.jfree.chart.demo.AreaChartDemo,24,3,0,2004-01-09
Public Class,org.jfree.chart.demo.BarChart3DDemo1,13,4,0,2004-01-09
Public Class,org.jfree.chart.demo.BarChart3DDemo2,14,3,0,2004-01-09
Public Class,org.jfree.chart.demo.BarChart3DDemo3,15,4,0,2004-01-09
Public Class,org.jfree.chart.demo.BarChartDemo,18,4,0,2004-01-09
Public Class,org.jfree.chart.demo.BarChartDemo2,15,4,0,2004-01-09
Public Class,org.jfree.chart.demo.BarChartDemo3,20,2,0,2004-01-09
Public Class,org.jfree.chart.demo.BarChartDemo4,16,4,0,2004-01-09
Public Class,org.jfree.chart.demo.BarChartDemo5,19,4,0,2004-01-09
Public Class,org.jfree.chart.demo.BarChartDemo6,16,2,0,2004-01-09
Public Class,org.jfree.chart.demo.BoxAndWhiskerDemo,16,3,0,2004-01-09
Public Class,org.jfree.chart.demo.BubblePlotDemo,13,3,0,2004-01-09
Public Class,org.jfree.chart.demo.BubblyBubblesDemo,17,3,55,2004-01-09
Public Class,org.jfree.chart.demo.BubblyBubblesDemo2,17,3,55,2004-01-09
Public Class,org.jfree.chart.demo.CandlestickDemo,10,3,0,2004-01-09
Public Class,org.jfree.chart.demo.ChartTiming1,13,4,50,2004-01-09
Public Class,org.jfree.chart.demo.ChartTiming2,16,4,50,2004-01-09
Public Class,org.jfree.chart.demo.ChartTiming3,18,4,50,2004-01-09
Public Class,org.jfree.chart.demo.ChartTiming4,15,5,60,2004-01-09
Public Class,org.jfree.chart.demo.CircleDrawer,11,2,0,2004-01-09
Public Class,org.jfree.chart.demo.CombinedCategoryPlotDemo1,18,5,0,2004-01-09
Public Class,org.jfree.chart.demo.CombinedCategoryPlotDemo2,19,5,0,2004-01-09
Public Class,org.jfree.chart.demo.CombinedXYPlotDemo1,20,5,0,2004-01-09
Public Class,org.jfree.chart.demo.CombinedXYPlotDemo2,20,5,0,2004-01-09
Public Class,org.jfree.chart.demo.CombinedXYPlotDemo3,20,3,0,2004-01-09
Public Class,org.jfree.chart.demo.CombinedXYPlotDemo4,21,5,0,2004-01-09
Public Class,org.jfree.chart.demo.CombinedXYPlotDemo5,20,3,0,2004-01-09
Public Class,org.jfree.chart.demo.CompassDemo,27,8,82,2004-01-09
Public Class,org.jfree.chart.demo.CompassDemo2,10,3,0,2004-01-09
Public Class,org.jfree.chart.demo.ContourPlotDemo,23,6,68,2004-01-09
Public Class,org.jfree.chart.demo.ContourPlotDemo2,29,8,77,2004-01-09
Public Class,org.jfree.chart.demo.CyclicXYPlotDemo,23,3,58,2004-01-09
Public Class,org.jfree.chart.demo.DemoDatasetFactory,30,18,0,2004-01-09
Public Class,org.jfree.chart.demo.DescriptionPanel,5,2,50,2004-01-09
Public Class,org.jfree.chart.demo.DifferenceChartDemo,18,3,0,2004-01-09
Public Class,org.jfree.chart.demo.DualAxisDemo,21,4,0,2004-01-09
Public Class,org.jfree.chart.demo.DualAxisDemo2,21,4,0,2004-01-09
Public Class,org.jfree.chart.demo.DualAxisDemo3,19,4,0,2004-01-09
Public Class,org.jfree.chart.demo.DualAxisDemo4,19,4,0,2004-01-09
Public Class,org.jfree.chart.demo.DualAxisDemo5,18,4,0,2004-01-09
Public Class,org.jfree.chart.demo.DynamicDataDemo,22,3,50,2004-01-09
Public Class,org.jfree.chart.demo.DynamicDataDemo2,29,3,50,2004-01-09
Public Class,org.jfree.chart.demo.EmptyXYDataset,2,6,0,2004-01-09
Public Class,org.jfree.chart.demo.EventFrequencyDemo,21,2,0,2004-01-09
Public Class,org.jfree.chart.demo.ExtendedStackedBarRenderer,26,6,83,2004-01-09
Public Class,org.jfree.chart.demo.FastScatterPlotDemo,9,3,50,2004-01-09
Public Class,org.jfree.chart.demo.First,6,1,0,2004-01-09
Public Class,org.jfree.chart.demo.GanttDemo1,13,5,0,2004-01-09
Public Class,org.jfree.chart.demo.GanttDemo2,15,4,0,2004-01-09
Public Class,org.jfree.chart.demo.HighLowChartDemo,11,2,0,2004-01-09
Public Class,org.jfree.chart.demo.HighLowChartDemo2,14,4,0,2004-01-09
Public Class,org.jfree.chart.demo.HistogramDemo,12,5,80,2004-01-09
Public Class,org.jfree.chart.demo.ImageMapDemo1,28,2,0,2004-01-09
Public Class,org.jfree.chart.demo.ImageMapDemo2,24,2,0,2004-01-09
Public Class,org.jfree.chart.demo.ImageMapDemo3,30,2,0,2004-01-09
Public Class,org.jfree.chart.demo.ImageMapDemo4,28,2,0,2004-01-09
Public Class,org.jfree.chart.demo.InternalFrameDemo,18,5,0,2004-01-09
Public Class,org.jfree.chart.demo.IntervalBarChartDemo1,23,3,58,2004-01-09
Public Class,org.jfree.chart.demo.JFreeChartAppletDemo,8,1,0,2004-01-09
Public Class,org.jfree.chart.demo.JFreeChartDemo,31,15,87,2004-01-09
Public Class,org.jfree.chart.demo.JFreeChartDemoBase,68,40,75,2004-01-09
Public Class,org.jfree.chart.demo.LayeredBarChartDemo1,16,4,0,2004-01-09
Public Class,org.jfree.chart.demo.LayeredBarChartDemo2,16,2,0,2004-01-09
Public Class,org.jfree.chart.demo.LineChartDemo1,21,4,0,2004-01-09
Public Class,org.jfree.chart.demo.LineChartDemo2,18,4,0,2004-01-09
Public Class,org.jfree.chart.demo.LineChartDemo3,15,3,0,2004-01-09
Public Class,org.jfree.chart.demo.LineChartDemo4,11,2,0,2004-01-09
Public Class,org.jfree.chart.demo.LineChartDemo5,25,2,0,2004-01-09
Public Class,org.jfree.chart.demo.MarkerDemo1,32,6,0,2004-01-09
Public Class,org.jfree.chart.demo.MeterChartDemo,20,2,0,2004-01-09
Public Class,org.jfree.chart.demo.MinMaxCategoryPlotDemo,11,2,0,2004-01-09
Public Class,org.jfree.chart.demo.MouseZoomDemo,14,2,50,2004-01-09
Public Class,org.jfree.chart.demo.MovingAverageDemo,18,3,0,2004-01-09
Public Class,org.jfree.chart.demo.MultiPieChartDemo,10,2,0,2004-01-09
Public Class,org.jfree.chart.demo.MultiPieChartDemo2,10,2,0,2004-01-09
Public Class,org.jfree.chart.demo.MultiShapesXYDemo,22,2,77,2004-01-09
Public Class,org.jfree.chart.demo.MultipleAxisDemo1,25,4,0,2004-01-09
Public Class,org.jfree.chart.demo.MultipleAxisDemo2,22,4,0,2004-01-09
Public Class,org.jfree.chart.demo.MultipleAxisDemo3,22,4,0,2004-01-09
Public Class,org.jfree.chart.demo.OverlaidBarChartDemo,20,2,0,2004-01-09
Public Class,org.jfree.chart.demo.OverlaidBarChartDemo2,21,3,0,2004-01-09
Public Class,org.jfree.chart.demo.OverlaidCategoryChartDemo,24,2,75,2004-01-09
Public Class,org.jfree.chart.demo.OverlaidXYPlotDemo,25,5,0,2004-01-09
Public Class,org.jfree.chart.demo.OverlaidXYPlotDemo2,28,6,0,2004-01-09
Public Class,org.jfree.chart.demo.ParetoChartDemo,22,2,0,2004-01-09
Public Class,org.jfree.chart.demo.Performance,7,7,85,2004-01-09
Public Class,org.jfree.chart.demo.Performance2,6,11,81,2004-01-09
Public Class,org.jfree.chart.demo.PieChart3DDemo1,13,4,0,2004-01-09
Public Class,org.jfree.chart.demo.PieChart3DDemo2,14,2,0,2004-01-09
Public Class,org.jfree.chart.demo.PieChartDemo1,13,4,0,2004-01-09
Public Class,org.jfree.chart.demo.PieChartDemo2,12,2,0,2004-01-09
Public Class,org.jfree.chart.demo.PieChartDemo3,11,2,0,2004-01-09
Public Class,org.jfree.chart.demo.PieChartDemo4,12,2,0,2004-01-09
Public Class,org.jfree.chart.demo.PopulationChartDemo,11,3,0,2004-01-09
Public Class,org.jfree.chart.demo.PriceVolumeDemo,21,5,0,2004-01-09
Public Class,org.jfree.chart.demo.SampleSignalDataset,5,10,19,2004-01-09
Public Class,org.jfree.chart.demo.SampleXYDataset,5,8,37,2004-01-09
Public Class,org.jfree.chart.demo.SampleXYDataset2,5,13,86,2004-01-09
Public Class,org.jfree.chart.demo.SampleXYDatasetThread,3,2,0,2004-01-09
Public Class,org.jfree.chart.demo.SampleXYSymbolicDataset,7,20,82,2004-01-09
Public Class,org.jfree.chart.demo.SampleXYZDataset,3,6,77,2004-01-09
Public Class,org.jfree.chart.demo.SampleYSymbolicDataset,9,16,77,2004-01-09
Public Class,org.jfree.chart.demo.ScatterPlotDemo,13,2,0,2004-01-09
Public Class,org.jfree.chart.demo.ScatterPlotDemo2,12,3,0,2004-01-09
Public Class,org.jfree.chart.demo.ScatterPlotDemo3,10,2,0,2004-01-09
Public Class,org.jfree.chart.demo.ScatterPlotDemo4,12,2,0,2004-01-09
Public Class,org.jfree.chart.demo.Second,14,1,0,2004-01-09
Public Class,org.jfree.chart.demo.SegmentedHighLowChartDemo,20,2,0,2004-01-09
Public Class,org.jfree.chart.demo.SimpleIntervalXYDataset,4,12,75,2004-01-09
Public Class,org.jfree.chart.demo.SimpleIntervalXYDataset2,5,12,72,2004-01-09
Public Class,org.jfree.chart.demo.SmallNumberDemo,15,2,0,2004-01-09
Public Class,org.jfree.chart.demo.StackedAreaChartDemo,17,2,0,2004-01-09
Public Class,org.jfree.chart.demo.StackedAreaXYChartDemo,28,3,0,2004-01-09
Public Class,org.jfree.chart.demo.StackedBarChart3DDemo,9,3,0,2004-01-09
Public Class,org.jfree.chart.demo.StackedBarChartDemo1,9,4,0,2004-01-09
Public Class,org.jfree.chart.demo.StackedBarChartDemo2,12,4,0,2004-01-09
Public Class,org.jfree.chart.demo.StackedBarChartDemo3,14,4,0,2004-01-09
Public Class,org.jfree.chart.demo.StatisticalBarChartDemo,14,3,0,2004-01-09
Public Class,org.jfree.chart.demo.SurveyResultsDemo,24,4,0,2004-01-09
Public Class,org.jfree.chart.demo.SurveyResultsDemo2,24,4,0,2004-01-09
Public Class,org.jfree.chart.demo.SurveyResultsDemo3,29,4,0,2004-01-09
Public Class,org.jfree.chart.demo.SymbolicChartDemo1,15,3,0,2004-01-09
Public Class,org.jfree.chart.demo.SymbolicXYPlotDemo,35,11,0,2004-01-09
Public Class,org.jfree.chart.demo.SymbolicYPlotDemo,22,8,0,2004-01-09
Public Class,org.jfree.chart.demo.ThermometerDemo,27,7,85,2004-01-09
Public Class,org.jfree.chart.demo.ThermometerDemo2,11,2,0,2004-01-09
Public Class,org.jfree.chart.demo.TimePeriodValuesDemo,23,4,0,2004-01-09
Public Class,org.jfree.chart.demo.TimePeriodValuesDemo2,17,3,0,2004-01-09
Public Class,org.jfree.chart.demo.TimeSeriesDemo,20,4,0,2004-01-09
Public Class,org.jfree.chart.demo.TimeSeriesDemo10,11,2,0,2004-01-09
Public Class,org.jfree.chart.demo.TimeSeriesDemo11,23,4,0,2004-01-09
Public Class,org.jfree.chart.demo.TimeSeriesDemo12,21,4,0,2004-01-09
Public Class,org.jfree.chart.demo.TimeSeriesDemo2,13,2,0,2004-01-09
Public Class,org.jfree.chart.demo.TimeSeriesDemo3,18,3,0,2004-01-09
Public Class,org.jfree.chart.demo.TimeSeriesDemo4,19,2,0,2004-01-09
Public Class,org.jfree.chart.demo.TimeSeriesDemo5,14,1,0,2004-01-09
Public Class,org.jfree.chart.demo.TimeSeriesDemo6,15,4,0,2004-01-09
Public Class,org.jfree.chart.demo.TimeSeriesDemo7,9,2,0,2004-01-09
Public Class,org.jfree.chart.demo.TimeSeriesDemo8,10,2,0,2004-01-09
Public Class,org.jfree.chart.demo.TimeSeriesDemo9,25,4,0,2004-01-09
Public Class,org.jfree.chart.demo.WaferMapChartDemo,14,3,0,2004-01-09
Public Class,org.jfree.chart.demo.WaterTemperatureDemo,14,3,0,2004-01-09
Public Class,org.jfree.chart.demo.WaterfallChartDemo,21,4,0,2004-01-09
Public Class,org.jfree.chart.demo.WaterfallChartDemo2,24,4,0,2004-01-09
Public Class,org.jfree.chart.demo.WindChartDemo,10,3,0,2004-01-09
Public Class,org.jfree.chart.demo.XMLBarChartDemo,17,2,0,2004-01-09
Public Class,org.jfree.chart.demo.XMLPieChartDemo,19,2,0,2004-01-09
Public Class,org.jfree.chart.demo.XYAreaChartDemo,17,3,0,2004-01-09
Public Class,org.jfree.chart.demo.XYAreaChartDemo2,18,3,0,2004-01-09
Public Class,org.jfree.chart.demo.XYBarChartDemo,16,2,0,2004-01-09
Public Class,org.jfree.chart.demo.XYBarChartDemo2,15,3,0,2004-01-09
Public Class,org.jfree.chart.demo.XYBarChartDemo3,11,3,0,2004-01-09
Public Class,org.jfree.chart.demo.XYBoxAndWhiskerDemo,16,4,0,2004-01-09
Public Class,org.jfree.chart.demo.XYLogAxesDemo,15,2,0,2004-01-09
Public Class,org.jfree.chart.demo.XYSeriesDemo,9,2,0,2004-01-09
Public Class,org.jfree.chart.demo.XYSeriesDemo2,12,2,0,2004-01-09
Public Class,org.jfree.chart.demo.XYStepAreaChartDemo,32,4,50,2004-01-09
Public Class,org.jfree.chart.demo.XYStepChartDemo,13,2,50,2004-01-09
Public Class,org.jfree.chart.demo.XYTickLabelDemo,34,4,54,2004-01-09
Public Class,org.jfree.chart.demo.YIntervalChartDemo,11,3,0,2004-01-09
Public Class,org.jfree.chart.demo.resources.DemoResources,2,1,0,2004-01-09
Public Class,org.jfree.chart.demo.resources.DemoResources_de,2,1,0,2004-01-09
Public Class,org.jfree.chart.demo.resources.DemoResources_es,2,1,0,2004-01-09
Public Class,org.jfree.chart.demo.resources.DemoResources_fr,2,1,0,2004-01-09
Public Class,org.jfree.chart.demo.resources.DemoResources_pl,2,1,0,2004-01-09
Public Class,org.jfree.chart.entity.CategoryItemEntity,3,12,58,2004-01-09
Public Class,org.jfree.chart.entity.ChartEntity,8,14,69,2004-01-09
Public Class,org.jfree.chart.entity.ContourEntity,2,4,50,2004-01-09
Public Class,org.jfree.chart.entity.LegendItemEntity,1,3,33,2004-01-09
Public Class,org.jfree.chart.entity.PieSectionEntity,4,12,56,2004-01-09
Public Class,org.jfree.chart.entity.StandardEntityCollection,5,5,0,2004-01-09
Public Class,org.jfree.chart.entity.XYItemEntity,3,9,51,2004-01-09
Public Class,org.jfree.chart.event.AxisChangeEvent,1,2,0,2004-01-09
Public Class,org.jfree.chart.event.ChartChangeEvent,1,7,77,2004-01-09
Public Class,org.jfree.chart.event.ChartProgressEvent,1,7,77,2004-01-09
Public Class,org.jfree.chart.event.LegendChangeEvent,1,2,0,2004-01-09
Public Class,org.jfree.chart.event.PlotChangeEvent,1,2,0,2004-01-09
Public Class,org.jfree.chart.event.RendererChangeEvent,0,2,0,2004-01-09
Public Class,org.jfree.chart.event.TitleChangeEvent,1,2,0,2004-01-09
Public Class,org.jfree.chart.imagemap.DynamicDriveToolTipTagFragmentGenerator,1,3,33,2004-01-09
Public Class,org.jfree.chart.imagemap.OverLIBToolTipTagFragmentGenerator,1,1,0,2004-01-09
Public Class,org.jfree.chart.imagemap.StandardToolTipTagFragmentGenerator,1,1,0,2004-01-09
Public Class,org.jfree.chart.imagemap.StandardURLTagFragmentGenerator,1,1,0,2004-01-09
Public Class,org.jfree.chart.junit.BarChart3DTests,19,6,50,2004-01-09
Public Class,org.jfree.chart.junit.BarChartTests,19,6,50,2004-01-09
Public Class,org.jfree.chart.junit.ChartPackageTests,10,1,0,2004-01-09
Public Class,org.jfree.chart.junit.JFreeChartTestSuite,9,1,0,2004-01-09
Public Class,org.jfree.chart.junit.JFreeChartTests,16,7,71,2004-01-09
Public Class,org.jfree.chart.junit.MarkerTests,16,4,0,2004-01-09
Public Class,org.jfree.chart.junit.PieChartTests,8,5,60,2004-01-09
Public Class,org.jfree.chart.junit.ScatterPlotTests,19,6,50,2004-01-09
Public Class,org.jfree.chart.junit.SpacerTests,13,4,0,2004-01-09
Public Class,org.jfree.chart.junit.StackedHorizontalBarChartTests,19,6,50,2004-01-09
Public Class,org.jfree.chart.junit.StackedVerticalBarChartTests,19,6,50,2004-01-09
Public Class,org.jfree.chart.labels.BoxAndWhiskerToolTipGenerator,8,5,19,2004-01-09
Public Class,org.jfree.chart.labels.CustomXYToolTipGenerator,5,8,37,2004-01-09
Public Class,org.jfree.chart.labels.HighLowToolTipGenerator,8,5,19,2004-01-09
Public Class,org.jfree.chart.labels.IntervalCategoryItemLabelGenerator,10,9,22,2004-01-09
Public Class,org.jfree.chart.labels.StandardCategoryItemLabelGenerator,9,11,48,2004-01-09
Public Class,org.jfree.chart.labels.StandardContourToolTipGenerator,11,2,0,2004-01-09
Public Class,org.jfree.chart.labels.StandardPieItemLabelGenerator,8,6,16,2004-01-09
Public Class,org.jfree.chart.labels.StandardPieToolTipGenerator,8,6,16,2004-01-09
Public Class,org.jfree.chart.labels.StandardXYToolTipGenerator,7,7,28,2004-01-09
Public Class,org.jfree.chart.labels.StandardXYZToolTipGenerator,7,5,40,2004-01-09
Public Class,org.jfree.chart.labels.SymbolicXYToolTipGenerator,11,4,0,2004-01-09
Public Class,org.jfree.chart.labels.TimeSeriesToolTipGenerator,11,8,37,2004-01-09
Public Class,org.jfree.chart.labels.junit.BoxAndWhiskerToolTipGeneratorTests,15,4,0,2004-01-09
Public Class,org.jfree.chart.labels.junit.CustomXYToolTipGeneratorTests,16,4,0,2004-01-09
Public Class,org.jfree.chart.labels.junit.HighLowToolTipGeneratorTests,15,4,0,2004-01-09
Public Class,org.jfree.chart.labels.junit.IntervalCategoryItemLabelGeneratorTests,15,4,0,2004-01-09
Public Class,org.jfree.chart.labels.junit.IntervalCategoryToolTipGeneratorTests,14,3,0,2004-01-09
Public Class,org.jfree.chart.labels.junit.LabelsPackageTests,13,2,0,2004-01-09
Public Class,org.jfree.chart.labels.junit.StandardCategoryItemLabelGeneratorTests,15,4,0,2004-01-09
Public Class,org.jfree.chart.labels.junit.StandardContourToolTipGeneratorTests,13,3,0,2004-01-09
Public Class,org.jfree.chart.labels.junit.StandardPieItemLabelGeneratorTests,15,4,0,2004-01-09
Public Class,org.jfree.chart.labels.junit.StandardXYToolTipGeneratorTests,15,4,0,2004-01-09
Public Class,org.jfree.chart.labels.junit.StandardXYZToolTipGeneratorTests,15,4,0,2004-01-09
Public Class,org.jfree.chart.labels.junit.SymbolicXYToolTipGeneratorTests,14,4,0,2004-01-09
Public Class,org.jfree.chart.labels.junit.TimeSeriesToolTipGeneratorTests,16,4,0,2004-01-09
Public Class,org.jfree.chart.needle.ArrowNeedle,11,3,0,2004-01-09
Public Class,org.jfree.chart.needle.LineNeedle,8,2,0,2004-01-09
Public Class,org.jfree.chart.needle.LongNeedle,7,3,0,2004-01-09
Public Class,org.jfree.chart.needle.PinNeedle,11,2,0,2004-01-09
Public Class,org.jfree.chart.needle.PlumNeedle,9,2,0,2004-01-09
Public Class,org.jfree.chart.needle.PointerNeedle,8,2,0,2004-01-09
Public Class,org.jfree.chart.needle.ShipNeedle,10,2,0,2004-01-09
Public Class,org.jfree.chart.needle.WindNeedle,5,3,0,2004-01-09
Public Class,org.jfree.chart.plot.CategoryPlot,62,129,95,2004-01-09
Public Class,org.jfree.chart.plot.CombinedDomainCategoryPlot,20,15,61,2004-01-09
Public Class,org.jfree.chart.plot.CombinedDomainXYPlot,26,22,72,2004-01-09
Public Class,org.jfree.chart.plot.CombinedRangeCategoryPlot,24,15,61,2004-01-09
Public Class,org.jfree.chart.plot.CombinedRangeXYPlot,27,22,77,2004-01-09
Public Class,org.jfree.chart.plot.CompassPlot,40,25,89,2004-01-09
Public Class,org.jfree.chart.plot.ContourPlot,53,75,95,2004-01-09
Public Class,org.jfree.chart.plot.DatasetRenderingOrder,2,4,58,2004-01-09
Public Class,org.jfree.chart.plot.DefaultDrawingSupplier,17,14,81,2004-01-09
Public Class,org.jfree.chart.plot.DialShape,2,4,62,2004-01-09
Public Class,org.jfree.chart.plot.FastScatterPlot,27,20,75,2004-01-09
Public Class,org.jfree.chart.plot.JThermometer,19,26,72,2004-01-09
Public Class,org.jfree.chart.plot.MeterPlot,46,58,94,2004-01-09
Public Class,org.jfree.chart.plot.PeriodMarkerPlot,23,8,87,2004-01-09
Public Class,org.jfree.chart.plot.Pie3DPlot,40,8,62,2004-01-09
Public Class,org.jfree.chart.plot.PiePlot,60,94,96,2004-01-09
Public Class,org.jfree.chart.plot.PlotOrientation,2,4,58,2004-01-09
Public Class,org.jfree.chart.plot.PlotRenderingInfo,5,8,68,2004-01-09
Public Class,org.jfree.chart.plot.PlotState,2,2,0,2004-01-09
Public Class,org.jfree.chart.plot.ThermometerPlot,47,67,95,2004-01-09
Public Class,org.jfree.chart.plot.WaferMapPlot,31,13,92,2004-01-09
Public Class,org.jfree.chart.plot.XYPlot,61,146,96,2004-01-09
Public Class,org.jfree.chart.plot.junit.CategoryPlotTests,32,7,0,2004-01-09
Public Class,org.jfree.chart.plot.junit.CombinedDomainCategoryPlotTests,24,8,0,2004-01-09
Public Class,org.jfree.chart.plot.junit.CombinedDomainXYPlotTests,27,8,0,2004-01-09
Public Class,org.jfree.chart.plot.junit.CombinedRangeCategoryPlotTests,23,8,0,2004-01-09
Public Class,org.jfree.chart.plot.junit.CombinedRangeXYPlotTests,27,8,0,2004-01-09
Public Class,org.jfree.chart.plot.junit.CombinedXYPlotTests,24,5,0,2004-01-09
Public Class,org.jfree.chart.plot.junit.CompassPlotTests,13,4,0,2004-01-09
Public Class,org.jfree.chart.plot.junit.ContourPlotTests,13,3,0,2004-01-09
Public Class,org.jfree.chart.plot.junit.FastScatterPlotTests,17,6,0,2004-01-09
Public Class,org.jfree.chart.plot.junit.MeterPlotTests,13,3,0,2004-01-09
Public Class,org.jfree.chart.plot.junit.Pie3DPlotTests,13,3,0,2004-01-09
Public Class,org.jfree.chart.plot.junit.PiePlotTests,23,5,0,2004-01-09
Public Class,org.jfree.chart.plot.junit.PlotPackageTests,15,2,0,2004-01-09
Public Class,org.jfree.chart.plot.junit.ThermometerPlotTests,13,3,0,2004-01-09
Public Class,org.jfree.chart.plot.junit.XYPlotTests,37,9,0,2004-01-09
Public Class,org.jfree.chart.renderer.AreaRenderer,25,3,0,2004-01-09
Public Class,org.jfree.chart.renderer.AreaXYRenderer,26,11,80,2004-01-09
Public Class,org.jfree.chart.renderer.BarRenderer,35,27,89,2004-01-09
Public Class,org.jfree.chart.renderer.BarRenderer3D,43,14,76,2004-01-09
Public Class,org.jfree.chart.renderer.BoxAndWhiskerRenderer,33,15,71,2004-01-09
Public Class,org.jfree.chart.renderer.CandlestickRenderer,39,25,86,2004-01-09
Public Class,org.jfree.chart.renderer.CategoryItemRendererState,1,5,40,2004-01-09
Public Class,org.jfree.chart.renderer.CategoryURLGeneratorTable,1,4,0,2004-01-09
Public Class,org.jfree.chart.renderer.ClusteredXYBarRenderer,22,6,61,2004-01-09
Public Class,org.jfree.chart.renderer.CyclicXYItemRenderer,14,5,0,2004-01-09
Public Class,org.jfree.chart.renderer.DefaultCategoryItemRenderer,0,0,0,2004-01-09
Public Class,org.jfree.chart.renderer.DefaultXYItemRenderer,0,0,0,2004-01-09
Public Class,org.jfree.chart.renderer.GanttRenderer,26,4,37,2004-01-09
Public Class,org.jfree.chart.renderer.HighLow,8,14,83,2004-01-09
Public Class,org.jfree.chart.renderer.HighLowRenderer,22,4,0,2004-01-09
Public Class,org.jfree.chart.renderer.IntervalBarRenderer,24,3,0,2004-01-09
Public Class,org.jfree.chart.renderer.ItemLabelAnchor,1,5,59,2004-01-09
Public Class,org.jfree.chart.renderer.ItemLabelAnchorTable,1,4,0,2004-01-09
Public Class,org.jfree.chart.renderer.ItemLabelPosition,1,7,57,2004-01-09
Public Class,org.jfree.chart.renderer.LayeredBarRenderer,26,7,57,2004-01-09
Public Class,org.jfree.chart.renderer.LevelRenderer,27,11,75,2004-01-09
Public Class,org.jfree.chart.renderer.LineAndShapeRenderer,24,19,86,2004-01-09
Public Class,org.jfree.chart.renderer.MinMaxCategoryRenderer,37,19,85,2004-01-09
Public Class,org.jfree.chart.renderer.NotOutlierException,1,1,0,2004-01-09
Public Class,org.jfree.chart.renderer.Outlier,3,10,65,2004-01-09
Public Class,org.jfree.chart.renderer.OutlierList,6,9,70,2004-01-09
Public Class,org.jfree.chart.renderer.OutlierListCollection,5,8,70,2004-01-09
Public Class,org.jfree.chart.renderer.RangeType,1,3,75,2004-01-09
Public Class,org.jfree.chart.renderer.RendererState,1,2,0,2004-01-09
Public Class,org.jfree.chart.renderer.SignalRenderer,25,9,66,2004-01-09
Public Class,org.jfree.chart.renderer.StackedAreaRenderer,23,4,0,2004-01-09
Public Class,org.jfree.chart.renderer.StackedAreaXYRenderer,31,13,84,2004-01-09
Public Class,org.jfree.chart.renderer.StackedBarRenderer,27,4,0,2004-01-09
Public Class,org.jfree.chart.renderer.StackedBarRenderer3D,29,5,0,2004-01-09
Public Class,org.jfree.chart.renderer.StackedXYAreaRenderer,31,13,84,2004-01-09
Public Class,org.jfree.chart.renderer.StandardXYItemRenderer,33,26,89,2004-01-09
Public Class,org.jfree.chart.renderer.StatisticalBarRenderer,17,4,0,2004-01-09
Public Class,org.jfree.chart.renderer.WaferMapRenderer,23,15,77,2004-01-09
Public Class,org.jfree.chart.renderer.WaterfallBarRenderer,31,15,53,2004-01-09
Public Class,org.jfree.chart.renderer.WindItemRenderer,22,4,0,2004-01-09
Public Class,org.jfree.chart.renderer.XYAreaRenderer,26,11,80,2004-01-09
Public Class,org.jfree.chart.renderer.XYAreaRendererState,4,1,0,2004-01-09
Public Class,org.jfree.chart.renderer.XYBarRenderer,22,7,50,2004-01-09
Public Class,org.jfree.chart.renderer.XYBoxAndWhiskerRenderer,43,19,71,2004-01-09
Public Class,org.jfree.chart.renderer.XYBubbleRenderer,25,6,70,2004-01-09
Public Class,org.jfree.chart.renderer.XYDifferenceRenderer,29,14,71,2004-01-09
Public Class,org.jfree.chart.renderer.XYDotRenderer,12,3,0,2004-01-09
Public Class,org.jfree.chart.renderer.XYItemRendererState,1,1,0,2004-01-09
Public Class,org.jfree.chart.renderer.XYStepAreaRenderer,25,14,84,2004-01-09
Public Class,org.jfree.chart.renderer.XYStepRenderer,24,4,25,2004-01-09
Public Class,org.jfree.chart.renderer.YIntervalRenderer,23,4,0,2004-01-09
Public Class,org.jfree.chart.renderer.junit.AbstractRendererTests,13,3,0,2004-01-09
Public Class,org.jfree.chart.renderer.junit.AreaRendererTests,15,6,0,2004-01-09
Public Class,org.jfree.chart.renderer.junit.AreaXYRendererTests,16,6,0,2004-01-09
Public Class,org.jfree.chart.renderer.junit.BarRenderer3DTests,16,6,0,2004-01-09
Public Class,org.jfree.chart.renderer.junit.BarRendererTests,18,7,0,2004-01-09
Public Class,org.jfree.chart.renderer.junit.BoxAndWhiskerRendererTests,15,6,0,2004-01-09
Public Class,org.jfree.chart.renderer.junit.CandlestickRendererTests,15,6,0,2004-01-09
Public Class,org.jfree.chart.renderer.junit.ClusteredXYBarRendererTests,16,6,0,2004-01-09
Public Class,org.jfree.chart.renderer.junit.DefaultCategoryItemRendererTests,16,6,0,2004-01-09
Public Class,org.jfree.chart.renderer.junit.DefaultDrawingSupplierTests,13,3,0,2004-01-09
Public Class,org.jfree.chart.renderer.junit.GanttRendererTests,16,6,0,2004-01-09
Public Class,org.jfree.chart.renderer.junit.HighLowRendererTests,16,6,0,2004-01-09
Public Class,org.jfree.chart.renderer.junit.IntervalBarRendererTests,16,6,0,2004-01-09
Public Class,org.jfree.chart.renderer.junit.ItemLabelPositionTests,13,4,0,2004-01-09
Public Class,org.jfree.chart.renderer.junit.LayeredBarRendererTests,16,6,0,2004-01-09
Public Class,org.jfree.chart.renderer.junit.LineAndShapeRendererTests,16,7,0,2004-01-09
Public Class,org.jfree.chart.renderer.junit.MinMaxCategoryRendererTests,15,6,0,2004-01-09
Public Class,org.jfree.chart.renderer.junit.RendererChangeDetector,1,4,0,2004-01-09
Public Class,org.jfree.chart.renderer.junit.RendererPackageTests,35,2,0,2004-01-09
Public Class,org.jfree.chart.renderer.junit.SignalRendererTests,13,3,0,2004-01-09
Public Class,org.jfree.chart.renderer.junit.StackedAreaRendererTests,16,6,0,2004-01-09
Public Class,org.jfree.chart.renderer.junit.StackedAreaXYRendererTests,16,6,0,2004-01-09
Public Class,org.jfree.chart.renderer.junit.StackedBarRenderer3DTests,16,6,0,2004-01-09
Public Class,org.jfree.chart.renderer.junit.StackedBarRendererTests,16,6,0,2004-01-09
Public Class,org.jfree.chart.renderer.junit.StandardXYItemRendererTests,15,6,0,2004-01-09
Public Class,org.jfree.chart.renderer.junit.StatisticalBarRendererTests,16,6,0,2004-01-09
Public Class,org.jfree.chart.renderer.junit.WaterfallBarRendererTests,16,6,0,2004-01-09
Public Class,org.jfree.chart.renderer.junit.WindItemRendererTests,16,6,0,2004-01-09
Public Class,org.jfree.chart.renderer.junit.XYBarRendererTests,16,6,0,2004-01-09
Public Class,org.jfree.chart.renderer.junit.XYBoxAndWhiskerRendererTests,15,6,0,2004-01-09
Public Class,org.jfree.chart.renderer.junit.XYBubbleRendererTests,16,6,0,2004-01-09
Public Class,org.jfree.chart.renderer.junit.XYDifferenceRendererTests,17,6,0,2004-01-09
Public Class,org.jfree.chart.renderer.junit.XYDotRendererTests,16,6,0,2004-01-09
Public Class,org.jfree.chart.renderer.junit.XYStepAreaRendererTests,16,6,0,2004-01-09
Public Class,org.jfree.chart.renderer.junit.XYStepRendererTests,16,6,0,2004-01-09
Public Class,org.jfree.chart.renderer.junit.YIntervalRendererTests,16,6,0,2004-01-09
Public Class,org.jfree.chart.resources.JFreeChartResources,0,1,0,2004-01-09
Public Class,org.jfree.chart.servlet.ChartDeleter,6,5,40,2004-01-09
Public Class,org.jfree.chart.servlet.DisplayChart,6,3,0,2004-01-09
Public Class,org.jfree.chart.servlet.ServletUtilities,19,10,0,2004-01-09
Public Class,org.jfree.chart.title.DateTitle,7,5,0,2004-01-09
Public Class,org.jfree.chart.title.ImageTitle,9,11,60,2004-01-09
Public Class,org.jfree.chart.title.TextTitle,18,22,73,2004-01-09
Public Class,org.jfree.chart.ui.AxisPropertyEditPanel,21,19,87,2004-01-09
Public Class,org.jfree.chart.ui.ChartPropertyEditPanel,20,9,71,2004-01-09
Public Class,org.jfree.chart.ui.ColorBarPropertyEditPanel,17,5,51,2004-01-09
Public Class,org.jfree.chart.ui.GreyPalette,0,2,0,2004-01-09
Public Class,org.jfree.chart.ui.PaletteChooserPanel,5,2,0,2004-01-09
Public Class,org.jfree.chart.ui.PaletteSample,10,6,50,2004-01-09
Public Class,org.jfree.chart.ui.PlotPropertyEditPanel,24,13,77,2004-01-09
Public Class,org.jfree.chart.ui.RainbowPalette,1,2,50,2004-01-09
Public Class,org.jfree.chart.ui.TitlePropertyEditPanel,17,8,67,2004-01-09
Public Class,org.jfree.chart.urls.CustomXYURLGenerator,4,7,42,2004-01-09
Public Class,org.jfree.chart.urls.StandardCategoryURLGenerator,5,6,44,2004-01-09
Public Class,org.jfree.chart.urls.StandardPieURLGenerator,3,5,30,2004-01-09
Public Class,org.jfree.chart.urls.StandardXYURLGenerator,2,4,41,2004-01-09
Public Class,org.jfree.chart.urls.StandardXYZURLGenerator,2,1,0,2004-01-09
Public Class,org.jfree.chart.urls.TimeSeriesURLGenerator,6,3,33,2004-01-09
Public Class,org.jfree.chart.urls.junit.CustomXYURLGeneratorTests,15,3,0,2004-01-09
Public Class,org.jfree.chart.urls.junit.StandardCategoryURLGeneratorTests,13,3,0,2004-01-09
Public Class,org.jfree.chart.urls.junit.StandardPieURLGeneratorTests,15,4,0,2004-01-09
Public Class,org.jfree.chart.urls.junit.UrlsPackageTests,5,2,0,2004-01-09
Public Class,org.jfree.data.CategoryToPieDataset,7,8,27,2004-01-09
Public Class,org.jfree.data.CombinedDataset,8,25,76,2004-01-09
Public Class,org.jfree.data.DataUtilities,5,1,0,2004-01-09
Public Class,org.jfree.data.DatasetChangeEvent,1,2,0,2004-01-09
Public Class,org.jfree.data.DatasetGroup,1,2,0,2004-01-09
Public Class,org.jfree.data.DatasetUtilities,30,30,0,2004-01-09
Public Class,org.jfree.data.DateRange,3,7,42,2004-01-09
Public Class,org.jfree.data.DefaultCategoryDataset,5,22,18,2004-01-09
Public Class,org.jfree.data.DefaultContourDataset,12,26,82,2004-01-09
Public Class,org.jfree.data.DefaultHighLowDataset,5,13,82,2004-01-09
Public Class,org.jfree.data.DefaultIntervalCategoryDataset,10,34,81,2004-01-09
Public Class,org.jfree.data.DefaultKeyedValue,3,6,41,2004-01-09
Public Class,org.jfree.data.DefaultKeyedValueDataset,6,9,33,2004-01-09
Public Class,org.jfree.data.DefaultKeyedValues,13,15,26,2004-01-09
Public Class,org.jfree.data.DefaultKeyedValues2D,8,20,63,2004-01-09
Public Class,org.jfree.data.DefaultKeyedValues2DDataset,0,0,0,2004-01-09
Public Class,org.jfree.data.DefaultKeyedValuesDataset,0,0,0,2004-01-09
Public Class,org.jfree.data.DefaultMeterDataset,4,23,87,2004-01-09
Public Class,org.jfree.data.DefaultPieDataset,8,12,16,2004-01-09
Public Class,org.jfree.data.DefaultTableXYDataset,11,17,54,2004-01-09
Public Class,org.jfree.data.DefaultValueDataset,3,6,33,2004-01-09
Public Class,org.jfree.data.DefaultWindDataset,10,12,58,2004-01-09
Public Class,org.jfree.data.HistogramDataset,12,17,85,2004-01-09
Public Class,org.jfree.data.JDBCCategoryDataset,19,7,57,2004-01-09
Public Class,org.jfree.data.JDBCPieDataset,17,6,33,2004-01-09
Public Class,org.jfree.data.JDBCXYDataset,20,19,80,2004-01-09
Public Class,org.jfree.data.KeyedObject,1,4,37,2004-01-09
Public Class,org.jfree.data.KeyedObjects,5,11,27,2004-01-09
Public Class,org.jfree.data.KeyedObjects2D,6,18,59,2004-01-09
Public Class,org.jfree.data.KeyedValueComparator,6,2,0,2004-01-09
Public Class,org.jfree.data.KeyedValueComparatorType,1,3,66,2004-01-09
Public Class,org.jfree.data.LineFunction2D,0,2,0,2004-01-09
Public Class,org.jfree.data.MatrixSeries,3,10,40,2004-01-09
Public Class,org.jfree.data.MatrixSeriesCollection,8,14,21,2004-01-09
Public Class,org.jfree.data.MeanAndStandardDeviation,1,3,33,2004-01-09
Public Class,org.jfree.data.MovingAverage,13,7,0,2004-01-09
Public Class,org.jfree.data.NonGridContourDataset,4,5,80,2004-01-09
Public Class,org.jfree.data.NormalizedMatrixSeries,3,6,61,2004-01-09
Public Class,org.jfree.data.OHLCDataItem,4,8,72,2004-01-09
Public Class,org.jfree.data.OHLCDataset,6,13,53,2004-01-09
Public Class,org.jfree.data.PowerFunction2D,1,2,0,2004-01-09
Public Class,org.jfree.data.Range,3,9,22,2004-01-09
Public Class,org.jfree.data.Series,10,17,74,2004-01-09
Public Class,org.jfree.data.SeriesChangeEvent,0,1,0,2004-01-09
Public Class,org.jfree.data.SeriesException,1,1,0,2004-01-09
Public Class,org.jfree.data.Statistics,4,6,0,2004-01-09
Public Class,org.jfree.data.SubSeriesDataset,2,20,12,2004-01-09
Public Class,org.jfree.data.TimeSeriesTableModel,11,11,77,2004-01-09
Public Class,org.jfree.data.WaferMapDataset,7,19,83,2004-01-09
Public Class,org.jfree.data.XYDataItem,4,8,50,2004-01-09
Public Class,org.jfree.data.XYDataPair,1,2,0,2004-01-09
Public Class,org.jfree.data.XYDatasetTableModel,5,10,50,2004-01-09
Public Class,org.jfree.data.XYSeries,14,25,76,2004-01-09
Public Class,org.jfree.data.XYSeriesCollection,9,14,14,2004-01-09
Public Class,org.jfree.data.gantt.Task,7,13,73,2004-01-09
Public Class,org.jfree.data.gantt.TaskSeries,5,7,0,2004-01-09
Public Class,org.jfree.data.gantt.TaskSeriesCollection,14,33,62,2004-01-09
Public Class,org.jfree.data.junit.DataPackageTests,17,2,0,2004-01-09
Public Class,org.jfree.data.junit.DatasetUtilitiesTests,9,8,0,2004-01-09
Public Class,org.jfree.data.junit.DefaultKeyedValueDatasetTests,15,6,0,2004-01-09
Public Class,org.jfree.data.junit.DefaultKeyedValueTests,15,5,0,2004-01-09
Public Class,org.jfree.data.junit.DefaultKeyedValues2DDatasetTests,18,4,0,2004-01-09
Public Class,org.jfree.data.junit.DefaultKeyedValues2DTests,16,4,0,2004-01-09
Public Class,org.jfree.data.junit.DefaultKeyedValuesDatasetTests,18,4,0,2004-01-09
Public Class,org.jfree.data.junit.DefaultKeyedValuesTests,16,10,0,2004-01-09
Public Class,org.jfree.data.junit.DefaultTableXYDatasetTests,16,5,0,2004-01-09
Public Class,org.jfree.data.junit.MovingAverageTests,6,4,0,2004-01-09
Public Class,org.jfree.data.junit.PieDatasetTests,16,4,0,2004-01-09
Public Class,org.jfree.data.junit.RangeTests,13,3,0,2004-01-09
Public Class,org.jfree.data.junit.RegressionTests,6,12,0,2004-01-09
Public Class,org.jfree.data.junit.TableXYDatasetTests,5,3,0,2004-01-09
Public Class,org.jfree.data.junit.TaskSeriesCollectionTests,8,4,0,2004-01-09
Public Class,org.jfree.data.junit.XYDataItemTests,15,5,0,2004-01-09
Public Class,org.jfree.data.junit.XYSeriesTests,17,5,0,2004-01-09
Public Class,org.jfree.data.resources.DataPackageResources,0,1,0,2004-01-09
Public Class,org.jfree.data.resources.DataPackageResources_de,0,1,0,2004-01-09
Public Class,org.jfree.data.resources.DataPackageResources_es,0,1,0,2004-01-09
Public Class,org.jfree.data.resources.DataPackageResources_fr,0,1,0,2004-01-09
Public Class,org.jfree.data.resources.DataPackageResources_pl,0,1,0,2004-01-09
Public Class,org.jfree.data.resources.DataPackageResources_ru,0,1,0,2004-01-09
Public Class,org.jfree.data.statistics.BoxAndWhiskerCalculator,8,6,0,2004-01-09
Public Class,org.jfree.data.statistics.BoxAndWhiskerItem,3,10,80,2004-01-09
Public Class,org.jfree.data.statistics.DefaultBoxAndWhiskerCategoryDataset,8,34,72,2004-01-09
Public Class,org.jfree.data.statistics.DefaultBoxAndWhiskerXYDataset,10,24,83,2004-01-09
Public Class,org.jfree.data.statistics.DefaultStatisticalCategoryDataset,7,19,69,2004-01-09
Public Class,org.jfree.data.statistics.Statistics,4,6,0,2004-01-09
Public Class,org.jfree.data.statistics.junit.BoxAndWhiskerCalculatorTests,7,7,0,2004-01-09
Public Class,org.jfree.data.statistics.junit.StatisticsPackageTests,3,2,0,2004-01-09
Public Class,org.jfree.data.time.Day,7,19,81,2004-01-09
Public Class,org.jfree.data.time.DynamicTimeSeriesCollection,16,42,91,2004-01-09
Public Class,org.jfree.data.time.FixedMillisecond,3,16,12,2004-01-09
Public Class,org.jfree.data.time.Hour,7,19,60,2004-01-09
Public Class,org.jfree.data.time.Millisecond,4,17,58,2004-01-09
Public Class,org.jfree.data.time.Minute,8,16,60,2004-01-09
Public Class,org.jfree.data.time.Month,8,20,37,2004-01-09
Public Class,org.jfree.data.time.Quarter,9,17,68,2004-01-09
Public Class,org.jfree.data.time.Second,9,16,59,2004-01-09
Public Class,org.jfree.data.time.SimpleTimePeriod,2,5,19,2004-01-09
Public Class,org.jfree.data.time.TimePeriodAnchor,1,3,75,2004-01-09
Public Class,org.jfree.data.time.TimePeriodFormatException,1,1,0,2004-01-09
Public Class,org.jfree.data.time.TimePeriodValue,6,7,50,2004-01-09
Public Class,org.jfree.data.time.TimePeriodValues,12,26,90,2004-01-09
Public Class,org.jfree.data.time.TimePeriodValuesCollection,17,27,84,2004-01-09
Public Class,org.jfree.data.time.TimeSeries,16,40,88,2004-01-09
Public Class,org.jfree.data.time.TimeSeriesCollection,18,32,84,2004-01-09
Public Class,org.jfree.data.time.TimeSeriesDataItem,6,8,56,2004-01-09
Public Class,org.jfree.data.time.Week,11,21,63,2004-01-09
Public Class,org.jfree.data.time.Year,9,15,19,2004-01-09
Public Class,org.jfree.data.time.junit.DataTimePackageTests,16,2,0,2004-01-09
Public Class,org.jfree.data.time.junit.DayTests,16,14,0,2004-01-09
Public Class,org.jfree.data.time.junit.FixedMillisecondTests,13,4,0,2004-01-09
Public Class,org.jfree.data.time.junit.HourTests,17,14,0,2004-01-09
Public Class,org.jfree.data.time.junit.MillisecondTests,20,9,0,2004-01-09
Public Class,org.jfree.data.time.junit.MinuteTests,18,9,0,2004-01-09
Public Class,org.jfree.data.time.junit.MonthTests,18,14,82,2004-01-09
Public Class,org.jfree.data.time.junit.QuarterTests,18,14,82,2004-01-09
Public Class,org.jfree.data.time.junit.SecondTests,19,9,0,2004-01-09
Public Class,org.jfree.data.time.junit.SimpleTimePeriodTests,14,7,0,2004-01-09
Public Class,org.jfree.data.time.junit.TimePeriodValueTests,14,6,0,2004-01-09
Public Class,org.jfree.data.time.junit.TimePeriodValuesTests,21,7,85,2004-01-09
Public Class,org.jfree.data.time.junit.TimeSeriesCollectionTests,7,5,0,2004-01-09
Public Class,org.jfree.data.time.junit.TimeSeriesDataItemTests,14,6,0,2004-01-09
Public Class,org.jfree.data.time.junit.TimeSeriesTests,23,11,81,2004-01-09
Public Class,org.jfree.data.time.junit.WeekTests,13,10,75,2004-01-09
Public Class,org.jfree.data.time.junit.YearTests,17,14,0,2004-01-09
Public Class,org.jfree.data.xml.CategoryDatasetHandler,9,5,19,2004-01-09
Public Class,org.jfree.data.xml.CategorySeriesHandler,11,5,46,2004-01-09
Public Class,org.jfree.data.xml.DatasetReader,15,4,0,2004-01-09
Public Class,org.jfree.data.xml.ItemHandler,10,7,57,2004-01-09
Public Class,org.jfree.data.xml.KeyHandler,7,6,55,2004-01-09
Public Class,org.jfree.data.xml.PieDatasetHandler,9,5,19,2004-01-09
Public Class,org.jfree.data.xml.RootHandler,3,6,16,2004-01-09
Public Class,org.jfree.data.xml.ValueHandler,9,6,50,2004-01-09
Public Interface,org.jfree.chart.ChartMouseListener,1,2,0,2004-01-09
Public Interface,org.jfree.chart.ChartPanelConstants,1,0,0,2004-01-09
Public Interface,org.jfree.chart.Effect3D,0,2,0,2004-01-09
Public Interface,org.jfree.chart.JFreeChartConstants,4,0,0,2004-01-09
Public Interface,org.jfree.chart.LegendItemLayout,1,1,0,2004-01-09
Public Interface,org.jfree.chart.ShapeFactory,1,2,0,2004-01-09
Public Interface,org.jfree.chart.annotations.CategoryAnnotation,5,1,0,2004-01-09
Public Interface,org.jfree.chart.annotations.XYAnnotation,4,1,0,2004-01-09
Public Interface,org.jfree.chart.axis.AxisConstants,6,0,0,2004-01-09
Public Interface,org.jfree.chart.axis.TickUnitSource,1,3,0,2004-01-09
Public Interface,org.jfree.chart.axis.Timeline,1,7,0,2004-01-09
Public Interface,org.jfree.chart.entity.EntityCollection,2,4,0,2004-01-09
Public Interface,org.jfree.chart.event.AxisChangeListener,1,1,0,2004-01-09
Public Interface,org.jfree.chart.event.ChartChangeListener,1,1,0,2004-01-09
Public Interface,org.jfree.chart.event.ChartProgressListener,1,1,0,2004-01-09
Public Interface,org.jfree.chart.event.LegendChangeListener,1,1,0,2004-01-09
Public Interface,org.jfree.chart.event.PlotChangeListener,1,1,0,2004-01-09
Public Interface,org.jfree.chart.event.RendererChangeListener,1,1,0,2004-01-09
Public Interface,org.jfree.chart.event.TitleChangeListener,1,1,0,2004-01-09
Public Interface,org.jfree.chart.imagemap.ToolTipTagFragmentGenerator,1,1,0,2004-01-09
Public Interface,org.jfree.chart.imagemap.URLTagFragmentGenerator,1,1,0,2004-01-09
Public Interface,org.jfree.chart.labels.CategoryItemLabelGenerator,3,3,0,2004-01-09
Public Interface,org.jfree.chart.labels.ContourToolTipGenerator,2,1,0,2004-01-09
Public Interface,org.jfree.chart.labels.PieItemLabelGenerator,3,1,0,2004-01-09
Public Interface,org.jfree.chart.labels.XYToolTipGenerator,2,1,0,2004-01-09
Public Interface,org.jfree.chart.labels.XYZToolTipGenerator,2,1,0,2004-01-09
Public Interface,org.jfree.chart.plot.ContourValuePlot,1,1,0,2004-01-09
Public Interface,org.jfree.chart.plot.DrawingSupplier,3,5,0,2004-01-09
Public Interface,org.jfree.chart.plot.ValueAxisPlot,2,5,0,2004-01-09
Public Interface,org.jfree.chart.renderer.CategoryItemRenderer,22,77,0,2004-01-09
Public Interface,org.jfree.chart.renderer.XYItemRenderer,17,32,0,2004-01-09
Public Interface,org.jfree.chart.urls.CategoryURLGenerator,3,2,0,2004-01-09
Public Interface,org.jfree.chart.urls.PieURLGenerator,3,1,0,2004-01-09
Public Interface,org.jfree.chart.urls.XYURLGenerator,2,1,0,2004-01-09
Public Interface,org.jfree.chart.urls.XYZURLGenerator,2,1,0,2004-01-09
Public Interface,org.jfree.data.CategoryDataset,0,0,0,2004-01-09
Public Interface,org.jfree.data.CombinationDataset,1,2,0,2004-01-09
Public Interface,org.jfree.data.ContourDataset,2,7,0,2004-01-09
Public Interface,org.jfree.data.Dataset,2,4,0,2004-01-09
Public Interface,org.jfree.data.DatasetChangeListener,1,1,0,2004-01-09
Public Interface,org.jfree.data.DomainInfo,2,3,0,2004-01-09
Public Interface,org.jfree.data.Function2D,0,1,0,2004-01-09
Public Interface,org.jfree.data.HighLowDataset,1,5,0,2004-01-09
Public Interface,org.jfree.data.IntervalCategoryDataset,2,4,0,2004-01-09
Public Interface,org.jfree.data.IntervalXYDataset,1,4,0,2004-01-09
Public Interface,org.jfree.data.IntervalXYZDataset,1,6,0,2004-01-09
Public Interface,org.jfree.data.KeyedValue,1,1,0,2004-01-09
Public Interface,org.jfree.data.KeyedValueDataset,0,0,0,2004-01-09
Public Interface,org.jfree.data.KeyedValues,3,4,0,2004-01-09
Public Interface,org.jfree.data.KeyedValues2D,3,7,0,2004-01-09
Public Interface,org.jfree.data.KeyedValues2DDataset,0,0,0,2004-01-09
Public Interface,org.jfree.data.KeyedValuesDataset,0,0,0,2004-01-09
Public Interface,org.jfree.data.MeterDataset,2,11,100,2004-01-09
Public Interface,org.jfree.data.PieDataset,0,0,0,2004-01-09
Public Interface,org.jfree.data.RangeInfo,2,3,0,2004-01-09
Public Interface,org.jfree.data.SeriesChangeListener,1,1,0,2004-01-09
Public Interface,org.jfree.data.SeriesDataset,1,2,0,2004-01-09
Public Interface,org.jfree.data.SignalsDataset,0,2,100,2004-01-09
Public Interface,org.jfree.data.TableXYDataset,0,1,0,2004-01-09
Public Interface,org.jfree.data.Value,1,1,0,2004-01-09
Public Interface,org.jfree.data.ValueDataset,0,0,0,2004-01-09
Public Interface,org.jfree.data.Values,1,2,0,2004-01-09
Public Interface,org.jfree.data.Values2D,1,3,0,2004-01-09
Public Interface,org.jfree.data.WindDataset,1,2,0,2004-01-09
Public Interface,org.jfree.data.XYDataset,1,3,0,2004-01-09
Public Interface,org.jfree.data.XYZDataset,1,1,0,2004-01-09
Public Interface,org.jfree.data.XisSymbolic,2,3,0,2004-01-09
Public Interface,org.jfree.data.YisSymbolic,2,3,0,2004-01-09
Public Interface,org.jfree.data.gantt.GanttCategoryDataset,2,10,0,2004-01-09
Public Interface,org.jfree.data.statistics.BoxAndWhiskerCategoryDataset,3,18,0,2004-01-09
Public Interface,org.jfree.data.statistics.BoxAndWhiskerXYDataset,2,11,0,2004-01-09
Public Interface,org.jfree.data.statistics.StatisticalCategoryDataset,2,4,0,2004-01-09
Public Interface,org.jfree.data.time.TimePeriod,1,2,0,2004-01-09
Public Interface,org.jfree.data.xml.DatasetTags,1,0,0,2004-01-09
Static Class,org.jfree.chart.junit.BarChart3DTests.LocalListener,1,1,0,2004-01-09
Static Class,org.jfree.chart.junit.BarChartTests.LocalListener,1,1,0,2004-01-09
Static Class,org.jfree.chart.junit.PieChartTests.LocalListener,1,1,0,2004-01-09
Static Class,org.jfree.chart.junit.ScatterPlotTests.LocalListener,1,1,0,2004-01-09
Static Class,org.jfree.chart.junit.StackedHorizontalBarChartTests.LocalListener,1,1,0,2004-01-09
Static Class,org.jfree.chart.junit.StackedVerticalBarChartTests.LocalListener,1,1,0,2004-01-09
