Kind,Name,CountClassCoupled,CountDeclMethod,PercentLackOfCohesion,Date
Class,org.jfree.chart.JFreeChartInfo,7,2,0,2004-09-10
Class,org.jfree.chart.renderer.category.MinMaxCategoryRenderer.getIcon.(Anon_1),6,3,0,2004-09-10
Class,org.jfree.chart.renderer.category.MinMaxCategoryRenderer.getIcon.(Anon_2),6,3,0,2004-09-10
Class,org.jfree.chart.renderer.xy.XYBarRenderer.XYBarRendererState,1,3,33,2004-09-10
Class,org.jfree.chart.ui.LegendPropertyEditPanel,19,15,81,2004-09-10
Class,org.jfree.chart.ui.NumberAxisPropertyEditPanel,21,13,73,2004-09-10
Class,org.jfree.data.xy.IntervalXYDelegate,7,20,83,2004-09-10
Class,org.jfree.data.xy.WindDataItem,2,5,53,2004-09-10
Private Class,org.jfree.data.general.CombinedDataset.DatasetInfo,1,1,0,2004-09-10
Private Static Class,org.jfree.chart.axis.DateAxis.DefaultTimeline,1,8,0,2004-09-10
Protected Class,org.jfree.chart.axis.SegmentedTimeline.BaseTimelineSegmentRange,0,1,0,2004-09-10
Protected Class,org.jfree.chart.axis.SegmentedTimeline.SegmentRange,3,6,66,2004-09-10
Protected Class,org.jfree.data.time.DynamicTimeSeriesCollection.ValueSequence,1,4,25,2004-09-10
Protected Static Class,org.jfree.chart.axis.CyclicNumberAxis.CycleBoundTick,2,1,0,2004-09-10
Protected Static Class,org.jfree.chart.renderer.xy.CyclicXYItemRenderer.OverwriteDataSet,6,13,76,2004-09-10
Public Abstract Class,org.jfree.chart.ChartFactory,93,37,0,2004-09-10
Public Abstract Class,org.jfree.chart.ChartUtilities,24,27,0,2004-09-10
Public Abstract Class,org.jfree.chart.Legend,14,22,88,2004-09-10
Public Abstract Class,org.jfree.chart.axis.Axis,33,55,94,2004-09-10
Public Abstract Class,org.jfree.chart.axis.Tick,3,8,59,2004-09-10
Public Abstract Class,org.jfree.chart.axis.TickUnit,1,5,19,2004-09-10
Public Abstract Class,org.jfree.chart.axis.ValueAxis,31,73,95,2004-09-10
Public Abstract Class,org.jfree.chart.axis.ValueTick,1,3,0,2004-09-10
Public Abstract Class,org.jfree.chart.labels.AbstractCategoryItemLabelGenerator,11,9,37,2004-09-10
Public Abstract Class,org.jfree.chart.needle.MeterNeedle,17,25,81,2004-09-10
Public Abstract Class,org.jfree.chart.plot.ContourPlotUtilities,3,1,0,2004-09-10
Public Abstract Class,org.jfree.chart.plot.Marker,12,29,83,2004-09-10
Public Abstract Class,org.jfree.chart.plot.Plot,40,58,94,2004-09-10
Public Abstract Class,org.jfree.chart.renderer.AbstractRenderer,30,145,96,2004-09-10
Public Abstract Class,org.jfree.chart.renderer.category.AbstractCategoryItemRenderer,39,40,89,2004-09-10
Public Abstract Class,org.jfree.chart.renderer.xy.AbstractXYItemRenderer,43,37,91,2004-09-10
Public Abstract Class,org.jfree.chart.title.LegendTitle,6,4,75,2004-09-10
Public Abstract Class,org.jfree.chart.title.Title,13,24,92,2004-09-10
Public Abstract Class,org.jfree.chart.ui.ColorPalette,9,26,82,2004-09-10
Public Abstract Class,org.jfree.data.general.AbstractDataset,12,11,59,2004-09-10
Public Abstract Class,org.jfree.data.general.AbstractSeriesDataset,2,4,0,2004-09-10
Public Abstract Class,org.jfree.data.general.DataUtilities,5,1,0,2004-09-10
Public Abstract Class,org.jfree.data.statistics.BoxAndWhiskerCalculator,9,6,0,2004-09-10
Public Abstract Class,org.jfree.data.statistics.Regression,3,4,0,2004-09-10
Public Abstract Class,org.jfree.data.statistics.Statistics,9,12,0,2004-09-10
Public Abstract Class,org.jfree.data.time.RegularTimePeriod,4,15,86,2004-09-10
Public Abstract Class,org.jfree.data.xy.AbstractIntervalXYDataset,2,4,0,2004-09-10
Public Abstract Class,org.jfree.data.xy.AbstractXYDataset,3,3,0,2004-09-10
Public Abstract Class,org.jfree.data.xy.AbstractXYZDataset,2,1,0,2004-09-10
Public Class,org.jfree.chart.ChartColor,0,2,50,2004-09-10
Public Class,org.jfree.chart.ChartFrame,4,3,33,2004-09-10
Public Class,org.jfree.chart.ChartMouseEvent,3,4,50,2004-09-10
Public Class,org.jfree.chart.ChartPanel,62,82,95,2004-09-10
Public Class,org.jfree.chart.ChartRenderingInfo,10,14,64,2004-09-10
Public Class,org.jfree.chart.ClipPath,13,25,80,2004-09-10
Public Class,org.jfree.chart.DefaultShapeFactory,5,2,0,2004-09-10
Public Class,org.jfree.chart.DrawableLegendItem,6,22,90,2004-09-10
Public Class,org.jfree.chart.JFreeChart,53,62,92,2004-09-10
Public Class,org.jfree.chart.LegendItem,13,14,64,2004-09-10
Public Class,org.jfree.chart.LegendItemCollection,4,6,0,2004-09-10
Public Class,org.jfree.chart.LegendRenderingOrder,2,4,58,2004-09-10
Public Class,org.jfree.chart.MeterLegend,24,9,77,2004-09-10
Public Class,org.jfree.chart.PolarChartPanel,10,7,71,2004-09-10
Public Class,org.jfree.chart.SeriesShapeFactory,6,4,75,2004-09-10
Public Class,org.jfree.chart.StandardLegend,48,55,93,2004-09-10
Public Class,org.jfree.chart.StandardLegendItemLayout,4,4,56,2004-09-10
Public Class,org.jfree.chart.annotations.CategoryTextAnnotation,15,10,50,2004-09-10
Public Class,org.jfree.chart.annotations.TextAnnotation,9,16,82,2004-09-10
Public Class,org.jfree.chart.annotations.XYDrawableAnnotation,8,4,25,2004-09-10
Public Class,org.jfree.chart.annotations.XYImageAnnotation,11,4,25,2004-09-10
Public Class,org.jfree.chart.annotations.XYLineAnnotation,18,7,47,2004-09-10
Public Class,org.jfree.chart.annotations.XYPointerAnnotation,24,22,82,2004-09-10
Public Class,org.jfree.chart.annotations.XYShapeAnnotation,13,3,33,2004-09-10
Public Class,org.jfree.chart.annotations.XYTextAnnotation,9,7,42,2004-09-10
Public Class,org.jfree.chart.annotations.junit.AnnotationsPackageTests,9,2,0,2004-09-10
Public Class,org.jfree.chart.annotations.junit.CategoryTextAnnotationTests,15,5,0,2004-09-10
Public Class,org.jfree.chart.annotations.junit.TextAnnotationTests,7,3,0,2004-09-10
Public Class,org.jfree.chart.annotations.junit.XYDrawableAnnotationTests,15,5,0,2004-09-10
Public Class,org.jfree.chart.annotations.junit.XYImageAnnotationTests,15,5,0,2004-09-10
Public Class,org.jfree.chart.annotations.junit.XYLineAnnotationTests,17,5,0,2004-09-10
Public Class,org.jfree.chart.annotations.junit.XYPointerAnnotationTests,18,5,0,2004-09-10
Public Class,org.jfree.chart.annotations.junit.XYTextAnnotationTests,15,5,0,2004-09-10
Public Class,org.jfree.chart.axis.AxisCollection,4,6,50,2004-09-10
Public Class,org.jfree.chart.axis.AxisLocation,4,5,56,2004-09-10
Public Class,org.jfree.chart.axis.AxisSpace,8,20,40,2004-09-10
Public Class,org.jfree.chart.axis.AxisState,2,13,69,2004-09-10
Public Class,org.jfree.chart.axis.CategoryAnchor,2,4,62,2004-09-10
Public Class,org.jfree.chart.axis.CategoryAxis,37,49,91,2004-09-10
Public Class,org.jfree.chart.axis.CategoryAxis3D,12,5,0,2004-09-10
Public Class,org.jfree.chart.axis.CategoryLabelPosition,2,12,69,2004-09-10
Public Class,org.jfree.chart.axis.CategoryLabelPositions,4,10,82,2004-09-10
Public Class,org.jfree.chart.axis.CategoryLabelWidthType,3,4,58,2004-09-10
Public Class,org.jfree.chart.axis.CategoryTick,1,5,40,2004-09-10
Public Class,org.jfree.chart.axis.ColorBar,23,16,76,2004-09-10
Public Class,org.jfree.chart.axis.CompassFormat,6,5,96,2004-09-10
Public Class,org.jfree.chart.axis.CyclicNumberAxis,36,34,86,2004-09-10
Public Class,org.jfree.chart.axis.DateAxis,40,49,93,2004-09-10
Public Class,org.jfree.chart.axis.DateTick,2,3,0,2004-09-10
Public Class,org.jfree.chart.axis.DateTickMarkPosition,2,4,62,2004-09-10
Public Class,org.jfree.chart.axis.DateTickUnit,5,15,81,2004-09-10
Public Class,org.jfree.chart.axis.ExtendedCategoryAxis,8,7,47,2004-09-10
Public Class,org.jfree.chart.axis.LogarithmicAxis,19,26,83,2004-09-10
Public Class,org.jfree.chart.axis.MarkerAxisBand,21,6,38,2004-09-10
Public Class,org.jfree.chart.axis.ModuloAxis,5,16,41,2004-09-10
Public Class,org.jfree.chart.axis.NumberAxis,32,37,93,2004-09-10
Public Class,org.jfree.chart.axis.NumberAxis3D,10,3,0,2004-09-10
Public Class,org.jfree.chart.axis.NumberTick,2,2,0,2004-09-10
Public Class,org.jfree.chart.axis.NumberTickUnit,2,3,33,2004-09-10
Public Class,org.jfree.chart.axis.PeriodAxis,32,24,72,2004-09-10
Public Class,org.jfree.chart.axis.PeriodAxisLabelInfo,19,15,74,2004-09-10
Public Class,org.jfree.chart.axis.SegmentedTimeline,15,43,94,2004-09-10
Public Class,org.jfree.chart.axis.SegmentedTimeline.Segment,3,30,70,2004-09-10
Public Class,org.jfree.chart.axis.StandardTickUnitSource,4,3,33,2004-09-10
Public Class,org.jfree.chart.axis.SubCategoryAxis,28,13,58,2004-09-10
Public Class,org.jfree.chart.axis.SymbolicAxis,31,16,80,2004-09-10
Public Class,org.jfree.chart.axis.SymbolicTickUnit,3,3,0,2004-09-10
Public Class,org.jfree.chart.axis.TickUnits,11,13,38,2004-09-10
Public Class,org.jfree.chart.axis.junit.AxisLocationTests,13,4,0,2004-09-10
Public Class,org.jfree.chart.axis.junit.AxisPackageTests,29,2,0,2004-09-10
Public Class,org.jfree.chart.axis.junit.AxisSpaceTests,6,3,0,2004-09-10
Public Class,org.jfree.chart.axis.junit.AxisTests,11,4,0,2004-09-10
Public Class,org.jfree.chart.axis.junit.CategoryAnchorTests,13,4,0,2004-09-10
Public Class,org.jfree.chart.axis.junit.CategoryAxis3DTests,15,4,0,2004-09-10
Public Class,org.jfree.chart.axis.junit.CategoryAxisTests,15,5,0,2004-09-10
Public Class,org.jfree.chart.axis.junit.CategoryLabelPositionTests,13,4,0,2004-09-10
Public Class,org.jfree.chart.axis.junit.CategoryLabelPositionsTests,14,4,0,2004-09-10
Public Class,org.jfree.chart.axis.junit.CategoryLabelWidthTypeTests,13,4,0,2004-09-10
Public Class,org.jfree.chart.axis.junit.CategoryTickTests,16,5,0,2004-09-10
Public Class,org.jfree.chart.axis.junit.ColorBarTests,14,4,0,2004-09-10
Public Class,org.jfree.chart.axis.junit.CyclicNumberAxisTests,18,5,0,2004-09-10
Public Class,org.jfree.chart.axis.junit.DateAxisTests,25,10,0,2004-09-10
Public Class,org.jfree.chart.axis.junit.DateTickMarkPositionTests,13,4,0,2004-09-10
Public Class,org.jfree.chart.axis.junit.DateTickTests,17,5,0,2004-09-10
Public Class,org.jfree.chart.axis.junit.DateTickUnitTests,13,4,0,2004-09-10
Public Class,org.jfree.chart.axis.junit.LogarithmicAxisTests,13,3,0,2004-09-10
Public Class,org.jfree.chart.axis.junit.MarkerAxisBandTests,13,3,0,2004-09-10
Public Class,org.jfree.chart.axis.junit.NumberAxis3DTests,13,3,0,2004-09-10
Public Class,org.jfree.chart.axis.junit.NumberAxisTests,25,10,0,2004-09-10
Public Class,org.jfree.chart.axis.junit.PeriodAxisLabelInfoTests,21,5,0,2004-09-10
Public Class,org.jfree.chart.axis.junit.PeriodAxisTests,20,5,0,2004-09-10
Public Class,org.jfree.chart.axis.junit.SegmentedTimelineTests,29,45,91,2004-09-10
Public Class,org.jfree.chart.axis.junit.SegmentedTimelineTests2,4,11,0,2004-09-10
Public Class,org.jfree.chart.axis.junit.SubCategoryAxisTests,18,5,0,2004-09-10
Public Class,org.jfree.chart.axis.junit.SymbolicAxisTests,13,3,0,2004-09-10
Public Class,org.jfree.chart.axis.junit.ValueAxisTests,18,5,0,2004-09-10
Public Class,org.jfree.chart.encoders.EncoderUtil,6,8,0,2004-09-10
Public Class,org.jfree.chart.encoders.ImageEncoderFactory,10,6,50,2004-09-10
Public Class,org.jfree.chart.encoders.KeypointPNGEncoderAdapter,4,6,33,2004-09-10
Public Class,org.jfree.chart.encoders.SunJPEGEncoderAdapter,8,7,57,2004-09-10
Public Class,org.jfree.chart.encoders.SunPNGEncoderAdapter,7,6,0,2004-09-10
Public Class,org.jfree.chart.entity.CategoryItemEntity,3,13,55,2004-09-10
Public Class,org.jfree.chart.entity.ChartEntity,14,18,66,2004-09-10
Public Class,org.jfree.chart.entity.ContourEntity,3,6,50,2004-09-10
Public Class,org.jfree.chart.entity.LegendItemEntity,2,5,40,2004-09-10
Public Class,org.jfree.chart.entity.PieSectionEntity,4,12,56,2004-09-10
Public Class,org.jfree.chart.entity.StandardEntityCollection,7,9,11,2004-09-10
Public Class,org.jfree.chart.entity.TickLabelEntity,2,1,0,2004-09-10
Public Class,org.jfree.chart.entity.XYItemEntity,3,12,52,2004-09-10
Public Class,org.jfree.chart.entity.junit.CategoryItemEntityTests,18,5,0,2004-09-10
Public Class,org.jfree.chart.entity.junit.ContourEntityTests,17,5,0,2004-09-10
Public Class,org.jfree.chart.entity.junit.EntityPackageTests,9,2,0,2004-09-10
Public Class,org.jfree.chart.entity.junit.LegendItemEntityTests,17,5,0,2004-09-10
Public Class,org.jfree.chart.entity.junit.PieSectionEntityTests,18,5,0,2004-09-10
Public Class,org.jfree.chart.entity.junit.StandardEntityCollectionTests,18,5,0,2004-09-10
Public Class,org.jfree.chart.entity.junit.TickLabelEntityTests,17,5,0,2004-09-10
Public Class,org.jfree.chart.entity.junit.XYItemEntityTests,18,5,0,2004-09-10
Public Class,org.jfree.chart.event.AxisChangeEvent,1,2,0,2004-09-10
Public Class,org.jfree.chart.event.ChartChangeEvent,1,7,77,2004-09-10
Public Class,org.jfree.chart.event.ChartProgressEvent,1,7,77,2004-09-10
Public Class,org.jfree.chart.event.LegendChangeEvent,1,2,0,2004-09-10
Public Class,org.jfree.chart.event.PlotChangeEvent,1,2,0,2004-09-10
Public Class,org.jfree.chart.event.RendererChangeEvent,0,2,0,2004-09-10
Public Class,org.jfree.chart.event.TitleChangeEvent,1,2,0,2004-09-10
Public Class,org.jfree.chart.imagemap.DynamicDriveToolTipTagFragmentGenerator,1,3,33,2004-09-10
Public Class,org.jfree.chart.imagemap.ImageMapUtil,14,5,0,2004-09-10
Public Class,org.jfree.chart.imagemap.OverLIBToolTipTagFragmentGenerator,1,1,0,2004-09-10
Public Class,org.jfree.chart.imagemap.StandardToolTipTagFragmentGenerator,1,1,0,2004-09-10
Public Class,org.jfree.chart.imagemap.StandardURLTagFragmentGenerator,1,1,0,2004-09-10
Public Class,org.jfree.chart.junit.BarChart3DTests,19,6,50,2004-09-10
Public Class,org.jfree.chart.junit.BarChartTests,19,6,50,2004-09-10
Public Class,org.jfree.chart.junit.ChartPackageTests,11,1,0,2004-09-10
Public Class,org.jfree.chart.junit.ChartPanelTests,5,4,0,2004-09-10
Public Class,org.jfree.chart.junit.ChartRenderingInfoTests,14,5,0,2004-09-10
Public Class,org.jfree.chart.junit.JFreeChartTestSuite,18,1,0,2004-09-10
Public Class,org.jfree.chart.junit.JFreeChartTests,20,8,75,2004-09-10
Public Class,org.jfree.chart.junit.LegendItemTests,14,4,0,2004-09-10
Public Class,org.jfree.chart.junit.PieChart3DTests,15,6,66,2004-09-10
Public Class,org.jfree.chart.junit.PieChartTests,8,5,60,2004-09-10
Public Class,org.jfree.chart.junit.ScatterPlotTests,19,6,50,2004-09-10
Public Class,org.jfree.chart.junit.StackedBarChartTests,19,6,50,2004-09-10
Public Class,org.jfree.chart.labels.AbstractXYItemLabelGenerator,10,13,64,2004-09-10
Public Class,org.jfree.chart.labels.BoxAndWhiskerToolTipGenerator,8,4,75,2004-09-10
Public Class,org.jfree.chart.labels.BoxAndWhiskerXYToolTipGenerator,9,4,75,2004-09-10
Public Class,org.jfree.chart.labels.CustomXYToolTipGenerator,5,8,37,2004-09-10
Public Class,org.jfree.chart.labels.HighLowItemLabelGenerator,10,6,33,2004-09-10
Public Class,org.jfree.chart.labels.IntervalCategoryLabelGenerator,9,4,75,2004-09-10
Public Class,org.jfree.chart.labels.IntervalCategoryToolTipGenerator,9,4,75,2004-09-10
Public Class,org.jfree.chart.labels.ItemLabelAnchor,2,6,50,2004-09-10
Public Class,org.jfree.chart.labels.ItemLabelPosition,2,8,62,2004-09-10
Public Class,org.jfree.chart.labels.StandardCategoryLabelGenerator,4,4,75,2004-09-10
Public Class,org.jfree.chart.labels.StandardCategoryToolTipGenerator,4,4,75,2004-09-10
Public Class,org.jfree.chart.labels.StandardContourToolTipGenerator,11,2,0,2004-09-10
Public Class,org.jfree.chart.labels.StandardPieItemLabelGenerator,11,10,74,2004-09-10
Public Class,org.jfree.chart.labels.StandardXYLabelGenerator,5,7,85,2004-09-10
Public Class,org.jfree.chart.labels.StandardXYToolTipGenerator,5,8,75,2004-09-10
Public Class,org.jfree.chart.labels.StandardXYZToolTipGenerator,10,9,66,2004-09-10
Public Class,org.jfree.chart.labels.SymbolicXYItemLabelGenerator,11,5,0,2004-09-10
Public Class,org.jfree.chart.labels.junit.BoxAndWhiskerToolTipGeneratorTests,16,5,0,2004-09-10
Public Class,org.jfree.chart.labels.junit.BoxAndWhiskerXYToolTipGeneratorTests,17,5,0,2004-09-10
Public Class,org.jfree.chart.labels.junit.CustomXYItemLabelGeneratorTests,16,4,0,2004-09-10
Public Class,org.jfree.chart.labels.junit.HighLowItemLabelGeneratorTests,17,5,0,2004-09-10
Public Class,org.jfree.chart.labels.junit.IntervalCategoryLabelGeneratorTests,18,5,0,2004-09-10
Public Class,org.jfree.chart.labels.junit.ItemLabelAnchorTests,13,4,0,2004-09-10
Public Class,org.jfree.chart.labels.junit.ItemLabelPositionTests,13,4,0,2004-09-10
Public Class,org.jfree.chart.labels.junit.LabelsPackageTests,17,2,0,2004-09-10
Public Class,org.jfree.chart.labels.junit.StandardCategoryLabelGeneratorTests,18,5,0,2004-09-10
Public Class,org.jfree.chart.labels.junit.StandardCategoryToolTipGeneratorTests,18,5,0,2004-09-10
Public Class,org.jfree.chart.labels.junit.StandardContourToolTipGeneratorTests,13,3,0,2004-09-10
Public Class,org.jfree.chart.labels.junit.StandardPieItemLabelGeneratorTests,16,5,0,2004-09-10
Public Class,org.jfree.chart.labels.junit.StandardXYLabelGeneratorTests,18,5,0,2004-09-10
Public Class,org.jfree.chart.labels.junit.StandardXYToolTipGeneratorTests,18,5,0,2004-09-10
Public Class,org.jfree.chart.labels.junit.StandardXYZToolTipGeneratorTests,19,5,0,2004-09-10
Public Class,org.jfree.chart.labels.junit.SymbolicXYItemLabelGeneratorTests,14,5,0,2004-09-10
Public Class,org.jfree.chart.needle.ArrowNeedle,11,3,0,2004-09-10
Public Class,org.jfree.chart.needle.LineNeedle,8,2,0,2004-09-10
Public Class,org.jfree.chart.needle.LongNeedle,9,3,0,2004-09-10
Public Class,org.jfree.chart.needle.MiddlePinNeedle,11,2,0,2004-09-10
Public Class,org.jfree.chart.needle.PinNeedle,11,2,0,2004-09-10
Public Class,org.jfree.chart.needle.PlumNeedle,9,2,0,2004-09-10
Public Class,org.jfree.chart.needle.PointerNeedle,8,2,0,2004-09-10
Public Class,org.jfree.chart.needle.ShipNeedle,10,2,0,2004-09-10
Public Class,org.jfree.chart.needle.WindNeedle,5,3,0,2004-09-10
Public Class,org.jfree.chart.plot.CategoryPlot,61,130,96,2004-09-10
Public Class,org.jfree.chart.plot.CombinedDomainCategoryPlot,21,18,65,2004-09-10
Public Class,org.jfree.chart.plot.CombinedDomainXYPlot,26,22,72,2004-09-10
Public Class,org.jfree.chart.plot.CombinedRangeCategoryPlot,26,19,67,2004-09-10
Public Class,org.jfree.chart.plot.CombinedRangeXYPlot,27,22,77,2004-09-10
Public Class,org.jfree.chart.plot.CompassPlot,41,27,90,2004-09-10
Public Class,org.jfree.chart.plot.ContourPlot,54,75,95,2004-09-10
Public Class,org.jfree.chart.plot.CrosshairState,3,11,74,2004-09-10
Public Class,org.jfree.chart.plot.DatasetRenderingOrder,2,4,58,2004-09-10
Public Class,org.jfree.chart.plot.DefaultDrawingSupplier,17,14,81,2004-09-10
Public Class,org.jfree.chart.plot.DialShape,2,4,62,2004-09-10
Public Class,org.jfree.chart.plot.FastScatterPlot,34,34,86,2004-09-10
Public Class,org.jfree.chart.plot.IntervalMarker,5,8,58,2004-09-10
Public Class,org.jfree.chart.plot.JThermometer,18,26,72,2004-09-10
Public Class,org.jfree.chart.plot.MeterPlot,44,61,94,2004-09-10
Public Class,org.jfree.chart.plot.MultiplePiePlot,31,11,63,2004-09-10
Public Class,org.jfree.chart.plot.PieLabelDistributor,6,12,41,2004-09-10
Public Class,org.jfree.chart.plot.PieLabelRecord,1,15,79,2004-09-10
Public Class,org.jfree.chart.plot.PiePlot,60,91,94,2004-09-10
Public Class,org.jfree.chart.plot.PiePlot3D,41,8,62,2004-09-10
Public Class,org.jfree.chart.plot.PiePlotState,2,21,89,2004-09-10
Public Class,org.jfree.chart.plot.PlotOrientation,2,4,58,2004-09-10
Public Class,org.jfree.chart.plot.PlotRenderingInfo,10,12,64,2004-09-10
Public Class,org.jfree.chart.plot.PlotState,2,2,0,2004-09-10
Public Class,org.jfree.chart.plot.PolarPlot,45,51,91,2004-09-10
Public Class,org.jfree.chart.plot.ThermometerPlot,46,67,95,2004-09-10
Public Class,org.jfree.chart.plot.ValueMarker,2,3,0,2004-09-10
Public Class,org.jfree.chart.plot.WaferMapPlot,27,11,90,2004-09-10
Public Class,org.jfree.chart.plot.XYPlot,62,155,96,2004-09-10
Public Class,org.jfree.chart.plot.junit.CategoryPlotTests,34,8,0,2004-09-10
Public Class,org.jfree.chart.plot.junit.CombinedDomainCategoryPlotTests,25,9,0,2004-09-10
Public Class,org.jfree.chart.plot.junit.CombinedDomainXYPlotTests,28,10,0,2004-09-10
Public Class,org.jfree.chart.plot.junit.CombinedRangeCategoryPlotTests,23,8,0,2004-09-10
Public Class,org.jfree.chart.plot.junit.CombinedRangeXYPlotTests,28,9,0,2004-09-10
Public Class,org.jfree.chart.plot.junit.CompassPlotTests,13,4,0,2004-09-10
Public Class,org.jfree.chart.plot.junit.ContourPlotTests,13,3,0,2004-09-10
Public Class,org.jfree.chart.plot.junit.FastScatterPlotTests,20,6,0,2004-09-10
Public Class,org.jfree.chart.plot.junit.IntervalMarkerTests,14,5,0,2004-09-10
Public Class,org.jfree.chart.plot.junit.MeterPlotTests,19,5,0,2004-09-10
Public Class,org.jfree.chart.plot.junit.PiePlot3DTests,13,3,0,2004-09-10
Public Class,org.jfree.chart.plot.junit.PiePlotTests,21,5,0,2004-09-10
Public Class,org.jfree.chart.plot.junit.PlotOrientationTests,13,4,0,2004-09-10
Public Class,org.jfree.chart.plot.junit.PlotPackageTests,19,2,0,2004-09-10
Public Class,org.jfree.chart.plot.junit.PlotRenderingInfoTests,15,5,0,2004-09-10
Public Class,org.jfree.chart.plot.junit.ThermometerPlotTests,13,3,0,2004-09-10
Public Class,org.jfree.chart.plot.junit.ValueMarkerTests,18,5,0,2004-09-10
Public Class,org.jfree.chart.plot.junit.XYPlotTests,36,12,0,2004-09-10
Public Class,org.jfree.chart.renderer.AreaRendererEndType,2,4,62,2004-09-10
Public Class,org.jfree.chart.renderer.CategoryURLGeneratorTable,1,4,0,2004-09-10
Public Class,org.jfree.chart.renderer.DefaultPolarItemRenderer,28,10,75,2004-09-10
Public Class,org.jfree.chart.renderer.NotOutlierException,1,1,0,2004-09-10
Public Class,org.jfree.chart.renderer.Outlier,3,10,65,2004-09-10
Public Class,org.jfree.chart.renderer.OutlierList,6,9,70,2004-09-10
Public Class,org.jfree.chart.renderer.OutlierListCollection,5,8,70,2004-09-10
Public Class,org.jfree.chart.renderer.RangeType,1,3,75,2004-09-10
Public Class,org.jfree.chart.renderer.RendererState,1,2,0,2004-09-10
Public Class,org.jfree.chart.renderer.WaferMapRenderer,23,15,77,2004-09-10
Public Class,org.jfree.chart.renderer.category.AreaRenderer,28,5,19,2004-09-10
Public Class,org.jfree.chart.renderer.category.BarRenderer,35,27,88,2004-09-10
Public Class,org.jfree.chart.renderer.category.BarRenderer3D,45,14,78,2004-09-10
Public Class,org.jfree.chart.renderer.category.BoxAndWhiskerRenderer,45,18,66,2004-09-10
Public Class,org.jfree.chart.renderer.category.CategoryItemRendererState,1,5,40,2004-09-10
Public Class,org.jfree.chart.renderer.category.CategoryStepRenderer,12,6,72,2004-09-10
Public Class,org.jfree.chart.renderer.category.DefaultCategoryItemRenderer,0,0,0,2004-09-10
Public Class,org.jfree.chart.renderer.category.GanttRenderer,28,12,75,2004-09-10
Public Class,org.jfree.chart.renderer.category.GroupedStackedBarRenderer,31,7,0,2004-09-10
Public Class,org.jfree.chart.renderer.category.IntervalBarRenderer,25,3,0,2004-09-10
Public Class,org.jfree.chart.renderer.category.LayeredBarRenderer,26,7,57,2004-09-10
Public Class,org.jfree.chart.renderer.category.LevelRenderer,27,11,75,2004-09-10
Public Class,org.jfree.chart.renderer.category.LineAndShapeRenderer,25,21,88,2004-09-10
Public Class,org.jfree.chart.renderer.category.MinMaxCategoryRenderer,34,18,84,2004-09-10
Public Class,org.jfree.chart.renderer.category.StackedAreaRenderer,24,4,0,2004-09-10
Public Class,org.jfree.chart.renderer.category.StackedBarRenderer,28,4,0,2004-09-10
Public Class,org.jfree.chart.renderer.category.StackedBarRenderer3D,30,5,0,2004-09-10
Public Class,org.jfree.chart.renderer.category.StatisticalBarRenderer,17,4,0,2004-09-10
Public Class,org.jfree.chart.renderer.category.WaterfallBarRenderer,33,15,60,2004-09-10
Public Class,org.jfree.chart.renderer.category.junit.AbstractCategoryItemRendererTests,8,3,0,2004-09-10
Public Class,org.jfree.chart.renderer.category.junit.AreaRendererTests,15,6,0,2004-09-10
Public Class,org.jfree.chart.renderer.category.junit.BarRenderer3DTests,16,6,0,2004-09-10
Public Class,org.jfree.chart.renderer.category.junit.BarRendererTests,21,7,0,2004-09-10
Public Class,org.jfree.chart.renderer.category.junit.BoxAndWhiskerRendererTests,16,6,0,2004-09-10
Public Class,org.jfree.chart.renderer.category.junit.DefaultCategoryItemRendererTests,16,6,0,2004-09-10
Public Class,org.jfree.chart.renderer.category.junit.GanttRendererTests,16,6,0,2004-09-10
Public Class,org.jfree.chart.renderer.category.junit.GroupedStackedBarRendererTests,16,5,0,2004-09-10
Public Class,org.jfree.chart.renderer.category.junit.IntervalBarRendererTests,16,6,0,2004-09-10
Public Class,org.jfree.chart.renderer.category.junit.LayeredBarRendererTests,16,6,0,2004-09-10
Public Class,org.jfree.chart.renderer.category.junit.LineAndShapeRendererTests,16,7,0,2004-09-10
Public Class,org.jfree.chart.renderer.category.junit.MinMaxCategoryRendererTests,15,6,0,2004-09-10
Public Class,org.jfree.chart.renderer.category.junit.RendererCategoryPackageTests,19,2,0,2004-09-10
Public Class,org.jfree.chart.renderer.category.junit.StackedAreaRendererTests,16,6,0,2004-09-10
Public Class,org.jfree.chart.renderer.category.junit.StackedBarRenderer3DTests,16,6,0,2004-09-10
Public Class,org.jfree.chart.renderer.category.junit.StackedBarRendererTests,16,6,0,2004-09-10
Public Class,org.jfree.chart.renderer.category.junit.StatisticalBarRendererTests,16,6,0,2004-09-10
Public Class,org.jfree.chart.renderer.category.junit.WaterfallBarRendererTests,16,6,0,2004-09-10
Public Class,org.jfree.chart.renderer.junit.AbstractRendererTests,29,15,0,2004-09-10
Public Class,org.jfree.chart.renderer.junit.AreaRendererEndTypeTests,13,4,0,2004-09-10
Public Class,org.jfree.chart.renderer.junit.DefaultDrawingSupplierTests,13,3,0,2004-09-10
Public Class,org.jfree.chart.renderer.junit.RendererChangeDetector,1,4,0,2004-09-10
Public Class,org.jfree.chart.renderer.junit.RendererPackageTests,5,2,0,2004-09-10
Public Class,org.jfree.chart.renderer.xy.CandlestickRenderer,37,25,86,2004-09-10
Public Class,org.jfree.chart.renderer.xy.ClusteredXYBarRenderer,22,6,61,2004-09-10
Public Class,org.jfree.chart.renderer.xy.CyclicXYItemRenderer,14,5,0,2004-09-10
Public Class,org.jfree.chart.renderer.xy.DefaultXYItemRenderer,0,0,0,2004-09-10
Public Class,org.jfree.chart.renderer.xy.HighLow,8,14,83,2004-09-10
Public Class,org.jfree.chart.renderer.xy.HighLowRenderer,28,7,57,2004-09-10
Public Class,org.jfree.chart.renderer.xy.SignalRenderer,25,9,66,2004-09-10
Public Class,org.jfree.chart.renderer.xy.StackedAreaXYRenderer,0,0,0,2004-09-10
Public Class,org.jfree.chart.renderer.xy.StackedXYAreaRenderer,32,13,84,2004-09-10
Public Class,org.jfree.chart.renderer.xy.StackedXYAreaRenderer2,21,9,0,2004-09-10
Public Class,org.jfree.chart.renderer.xy.StackedXYBarRenderer,26,6,0,2004-09-10
Public Class,org.jfree.chart.renderer.xy.StandardXYItemRenderer,29,26,90,2004-09-10
Public Class,org.jfree.chart.renderer.xy.WindItemRenderer,20,3,0,2004-09-10
Public Class,org.jfree.chart.renderer.xy.XYAreaRenderer,25,11,84,2004-09-10
Public Class,org.jfree.chart.renderer.xy.XYAreaRenderer2,25,9,75,2004-09-10
Public Class,org.jfree.chart.renderer.xy.XYBarRenderer,26,16,70,2004-09-10
Public Class,org.jfree.chart.renderer.xy.XYBoxAndWhiskerRenderer,43,21,75,2004-09-10
Public Class,org.jfree.chart.renderer.xy.XYBubbleRenderer,24,5,75,2004-09-10
Public Class,org.jfree.chart.renderer.xy.XYDifferenceRenderer,33,19,77,2004-09-10
Public Class,org.jfree.chart.renderer.xy.XYDotRenderer,12,3,0,2004-09-10
Public Class,org.jfree.chart.renderer.xy.XYItemRendererState,3,1,0,2004-09-10
Public Class,org.jfree.chart.renderer.xy.XYLineAndShapeRenderer,18,36,87,2004-09-10
Public Class,org.jfree.chart.renderer.xy.XYStepAreaRenderer,26,17,88,2004-09-10
Public Class,org.jfree.chart.renderer.xy.XYStepRenderer,23,4,0,2004-09-10
Public Class,org.jfree.chart.renderer.xy.YIntervalRenderer,23,3,0,2004-09-10
Public Class,org.jfree.chart.renderer.xy.junit.CandlestickRendererTests,15,6,0,2004-09-10
Public Class,org.jfree.chart.renderer.xy.junit.ClusteredXYBarRendererTests,16,6,0,2004-09-10
Public Class,org.jfree.chart.renderer.xy.junit.HighLowRendererTests,16,6,0,2004-09-10
Public Class,org.jfree.chart.renderer.xy.junit.RendererXYPackageTests,20,2,0,2004-09-10
Public Class,org.jfree.chart.renderer.xy.junit.SignalRendererTests,13,3,0,2004-09-10
Public Class,org.jfree.chart.renderer.xy.junit.StackedAreaXYRendererTests,16,6,0,2004-09-10
Public Class,org.jfree.chart.renderer.xy.junit.StackedXYBarRendererTests,16,6,0,2004-09-10
Public Class,org.jfree.chart.renderer.xy.junit.StandardXYItemRendererTests,15,6,0,2004-09-10
Public Class,org.jfree.chart.renderer.xy.junit.WindItemRendererTests,16,6,0,2004-09-10
Public Class,org.jfree.chart.renderer.xy.junit.XYAreaRendererTests,16,6,0,2004-09-10
Public Class,org.jfree.chart.renderer.xy.junit.XYBarRendererTests,15,6,0,2004-09-10
Public Class,org.jfree.chart.renderer.xy.junit.XYBoxAndWhiskerRendererTests,16,6,0,2004-09-10
Public Class,org.jfree.chart.renderer.xy.junit.XYBubbleRendererTests,16,6,0,2004-09-10
Public Class,org.jfree.chart.renderer.xy.junit.XYDifferenceRendererTests,17,6,0,2004-09-10
Public Class,org.jfree.chart.renderer.xy.junit.XYDotRendererTests,16,6,0,2004-09-10
Public Class,org.jfree.chart.renderer.xy.junit.XYLineAndShapeRendererTests,15,6,0,2004-09-10
Public Class,org.jfree.chart.renderer.xy.junit.XYStepAreaRendererTests,16,6,0,2004-09-10
Public Class,org.jfree.chart.renderer.xy.junit.XYStepRendererTests,16,6,0,2004-09-10
Public Class,org.jfree.chart.renderer.xy.junit.YIntervalRendererTests,16,6,0,2004-09-10
Public Class,org.jfree.chart.resources.JFreeChartResources,0,1,0,2004-09-10
Public Class,org.jfree.chart.servlet.ChartDeleter,6,5,40,2004-09-10
Public Class,org.jfree.chart.servlet.DisplayChart,6,3,0,2004-09-10
Public Class,org.jfree.chart.servlet.ServletUtilities,21,12,66,2004-09-10
Public Class,org.jfree.chart.title.DateTitle,6,5,0,2004-09-10
Public Class,org.jfree.chart.title.ImageTitle,8,10,56,2004-09-10
Public Class,org.jfree.chart.title.TextTitle,18,24,73,2004-09-10
Public Class,org.jfree.chart.title.junit.DateTitleTests,17,6,0,2004-09-10
Public Class,org.jfree.chart.title.junit.ImageTitleTests,8,6,0,2004-09-10
Public Class,org.jfree.chart.title.junit.TextTitleTests,16,6,0,2004-09-10
Public Class,org.jfree.chart.title.junit.TitlePackageTests,6,2,0,2004-09-10
Public Class,org.jfree.chart.title.junit.TitleTests,4,4,0,2004-09-10
Public Class,org.jfree.chart.ui.AxisPropertyEditPanel,21,19,87,2004-09-10
Public Class,org.jfree.chart.ui.ChartPropertyEditPanel,21,9,70,2004-09-10
Public Class,org.jfree.chart.ui.ColorBarPropertyEditPanel,17,5,51,2004-09-10
Public Class,org.jfree.chart.ui.GreyPalette,0,2,0,2004-09-10
Public Class,org.jfree.chart.ui.PaletteChooserPanel,5,2,0,2004-09-10
Public Class,org.jfree.chart.ui.PaletteSample,10,6,50,2004-09-10
Public Class,org.jfree.chart.ui.PlotPropertyEditPanel,32,16,84,2004-09-10
Public Class,org.jfree.chart.ui.RainbowPalette,1,2,50,2004-09-10
Public Class,org.jfree.chart.ui.TitlePropertyEditPanel,19,10,73,2004-09-10
Public Class,org.jfree.chart.ui.junit.ChartUIPackageTests,3,2,0,2004-09-10
Public Class,org.jfree.chart.ui.junit.ColorPaletteTests,7,4,0,2004-09-10
Public Class,org.jfree.chart.urls.CustomPieURLGenerator,9,8,12,2004-09-10
Public Class,org.jfree.chart.urls.CustomXYURLGenerator,4,7,42,2004-09-10
Public Class,org.jfree.chart.urls.StandardCategoryURLGenerator,7,7,38,2004-09-10
Public Class,org.jfree.chart.urls.StandardPieURLGenerator,3,6,38,2004-09-10
Public Class,org.jfree.chart.urls.StandardXYURLGenerator,2,5,33,2004-09-10
Public Class,org.jfree.chart.urls.StandardXYZURLGenerator,2,1,0,2004-09-10
Public Class,org.jfree.chart.urls.TimeSeriesURLGenerator,6,3,33,2004-09-10
Public Class,org.jfree.chart.urls.junit.CustomXYURLGeneratorTests,15,3,0,2004-09-10
Public Class,org.jfree.chart.urls.junit.StandardCategoryURLGeneratorTests,13,3,0,2004-09-10
Public Class,org.jfree.chart.urls.junit.StandardPieURLGeneratorTests,15,4,0,2004-09-10
Public Class,org.jfree.chart.urls.junit.StandardXYURLGeneratorTests,13,3,0,2004-09-10
Public Class,org.jfree.chart.urls.junit.UrlsPackageTests,6,2,0,2004-09-10
Public Class,org.jfree.data.DefaultKeyedValue,3,7,35,2004-09-10
Public Class,org.jfree.data.DefaultKeyedValues,13,16,25,2004-09-10
Public Class,org.jfree.data.DefaultKeyedValues2D,8,23,64,2004-09-10
Public Class,org.jfree.data.DomainOrder,2,5,65,2004-09-10
Public Class,org.jfree.data.KeyToGroupMap,16,12,47,2004-09-10
Public Class,org.jfree.data.KeyedObject,2,6,33,2004-09-10
Public Class,org.jfree.data.KeyedObjects,6,13,30,2004-09-10
Public Class,org.jfree.data.KeyedObjects2D,7,21,60,2004-09-10
Public Class,org.jfree.data.KeyedValueComparator,6,2,0,2004-09-10
Public Class,org.jfree.data.KeyedValueComparatorType,1,4,66,2004-09-10
Public Class,org.jfree.data.Range,4,13,23,2004-09-10
Public Class,org.jfree.data.category.CategoryToPieDataset,8,9,53,2004-09-10
Public Class,org.jfree.data.category.DefaultCategoryDataset,5,24,16,2004-09-10
Public Class,org.jfree.data.category.DefaultIntervalCategoryDataset,10,34,81,2004-09-10
Public Class,org.jfree.data.category.junit.DataCategoryPackageTests,4,2,0,2004-09-10
Public Class,org.jfree.data.category.junit.DefaultCategoryDatasetTests,13,4,0,2004-09-10
Public Class,org.jfree.data.category.junit.KeyToGroupMapTests,16,10,0,2004-09-10
Public Class,org.jfree.data.contour.DefaultContourDataset,12,26,82,2004-09-10
Public Class,org.jfree.data.contour.NonGridContourDataset,4,5,80,2004-09-10
Public Class,org.jfree.data.function.LineFunction2D,0,2,0,2004-09-10
Public Class,org.jfree.data.function.NormalDistributionFunction2D,1,2,0,2004-09-10
Public Class,org.jfree.data.function.PowerFunction2D,1,2,0,2004-09-10
Public Class,org.jfree.data.gantt.Task,9,15,70,2004-09-10
Public Class,org.jfree.data.gantt.TaskSeries,6,9,0,2004-09-10
Public Class,org.jfree.data.gantt.TaskSeriesCollection,14,34,61,2004-09-10
Public Class,org.jfree.data.gantt.junit.DataGanttPackageTests,6,2,0,2004-09-10
Public Class,org.jfree.data.gantt.junit.TaskSeriesCollectionTests,20,21,0,2004-09-10
Public Class,org.jfree.data.gantt.junit.TaskSeriesCollectionTests2,8,4,0,2004-09-10
Public Class,org.jfree.data.gantt.junit.TaskSeriesTests,17,5,0,2004-09-10
Public Class,org.jfree.data.gantt.junit.TaskTests,16,5,0,2004-09-10
Public Class,org.jfree.data.general.CombinedDataset,9,30,80,2004-09-10
Public Class,org.jfree.data.general.DatasetChangeEvent,1,2,0,2004-09-10
Public Class,org.jfree.data.general.DatasetGroup,1,2,0,2004-09-10
Public Class,org.jfree.data.general.DatasetUtilities,31,55,0,2004-09-10
Public Class,org.jfree.data.general.DefaultKeyedValueDataset,6,10,30,2004-09-10
Public Class,org.jfree.data.general.DefaultKeyedValues2DDataset,0,0,0,2004-09-10
Public Class,org.jfree.data.general.DefaultKeyedValuesDataset,0,0,0,2004-09-10
Public Class,org.jfree.data.general.DefaultMeterDataset,5,23,87,2004-09-10
Public Class,org.jfree.data.general.DefaultPieDataset,8,13,15,2004-09-10
Public Class,org.jfree.data.general.DefaultValueDataset,3,7,28,2004-09-10
Public Class,org.jfree.data.general.Series,9,18,73,2004-09-10
Public Class,org.jfree.data.general.SeriesChangeEvent,0,1,0,2004-09-10
Public Class,org.jfree.data.general.SeriesException,1,1,0,2004-09-10
Public Class,org.jfree.data.general.SubSeriesDataset,3,25,30,2004-09-10
Public Class,org.jfree.data.general.WaferMapDataset,7,19,83,2004-09-10
Public Class,org.jfree.data.general.junit.DataGeneralPackageTests,7,2,0,2004-09-10
Public Class,org.jfree.data.general.junit.DatasetUtilitiesTests,18,28,83,2004-09-10
Public Class,org.jfree.data.general.junit.DefaultKeyedValueDatasetTests,15,6,0,2004-09-10
Public Class,org.jfree.data.general.junit.DefaultKeyedValues2DDatasetTests,18,4,0,2004-09-10
Public Class,org.jfree.data.general.junit.DefaultKeyedValuesDatasetTests,18,4,0,2004-09-10
Public Class,org.jfree.data.general.junit.PieDatasetTests,16,4,0,2004-09-10
Public Class,org.jfree.data.io.CSV,10,6,58,2004-09-10
Public Class,org.jfree.data.jdbc.JDBCCategoryDataset,19,7,57,2004-09-10
Public Class,org.jfree.data.jdbc.JDBCPieDataset,17,6,33,2004-09-10
Public Class,org.jfree.data.jdbc.JDBCXYDataset,20,20,81,2004-09-10
Public Class,org.jfree.data.junit.DataPackageTests,9,2,0,2004-09-10
Public Class,org.jfree.data.junit.DefaultKeyedValueTests,15,5,0,2004-09-10
Public Class,org.jfree.data.junit.DefaultKeyedValues2DTests,16,4,0,2004-09-10
Public Class,org.jfree.data.junit.DefaultKeyedValuesTests,16,10,0,2004-09-10
Public Class,org.jfree.data.junit.KeyedObjectTests,14,5,0,2004-09-10
Public Class,org.jfree.data.junit.KeyedObjects2DTests,16,4,0,2004-09-10
Public Class,org.jfree.data.junit.KeyedObjectsTests,16,6,0,2004-09-10
Public Class,org.jfree.data.junit.RangeTests,14,8,0,2004-09-10
Public Class,org.jfree.data.resources.DataPackageResources,0,1,0,2004-09-10
Public Class,org.jfree.data.resources.DataPackageResources_de,0,1,0,2004-09-10
Public Class,org.jfree.data.resources.DataPackageResources_es,0,1,0,2004-09-10
Public Class,org.jfree.data.resources.DataPackageResources_fr,0,1,0,2004-09-10
Public Class,org.jfree.data.resources.DataPackageResources_pl,0,1,0,2004-09-10
Public Class,org.jfree.data.resources.DataPackageResources_ru,0,1,0,2004-09-10
Public Class,org.jfree.data.statistics.BoxAndWhiskerItem,3,11,72,2004-09-10
Public Class,org.jfree.data.statistics.DefaultBoxAndWhiskerCategoryDataset,8,35,72,2004-09-10
Public Class,org.jfree.data.statistics.DefaultBoxAndWhiskerXYDataset,10,24,83,2004-09-10
Public Class,org.jfree.data.statistics.DefaultStatisticalCategoryDataset,7,19,69,2004-09-10
Public Class,org.jfree.data.statistics.HistogramBin,2,8,50,2004-09-10
Public Class,org.jfree.data.statistics.HistogramDataset,14,21,69,2004-09-10
Public Class,org.jfree.data.statistics.HistogramType,2,5,65,2004-09-10
Public Class,org.jfree.data.statistics.MeanAndStandardDeviation,1,3,33,2004-09-10
Public Class,org.jfree.data.statistics.junit.BoxAndWhiskerCalculatorTests,2,2,0,2004-09-10
Public Class,org.jfree.data.statistics.junit.BoxAndWhiskerItemTests,15,4,0,2004-09-10
Public Class,org.jfree.data.statistics.junit.DataStatisticsPackageTests,9,2,0,2004-09-10
Public Class,org.jfree.data.statistics.junit.DefaultBoxAndWhiskerCategoryDatasetTests,16,4,0,2004-09-10
Public Class,org.jfree.data.statistics.junit.HistogramBinTests,14,5,0,2004-09-10
Public Class,org.jfree.data.statistics.junit.HistogramDatasetTests,14,5,0,2004-09-10
Public Class,org.jfree.data.statistics.junit.RegressionTests,6,12,0,2004-09-10
Public Class,org.jfree.data.statistics.junit.StatisticsTests,8,12,0,2004-09-10
Public Class,org.jfree.data.time.DateRange,3,7,42,2004-09-10
Public Class,org.jfree.data.time.Day,7,19,81,2004-09-10
Public Class,org.jfree.data.time.DynamicTimeSeriesCollection,16,42,91,2004-09-10
Public Class,org.jfree.data.time.FixedMillisecond,3,16,12,2004-09-10
Public Class,org.jfree.data.time.Hour,7,19,60,2004-09-10
Public Class,org.jfree.data.time.Millisecond,4,17,58,2004-09-10
Public Class,org.jfree.data.time.Minute,8,16,60,2004-09-10
Public Class,org.jfree.data.time.Month,8,20,37,2004-09-10
Public Class,org.jfree.data.time.MovingAverage,13,7,0,2004-09-10
Public Class,org.jfree.data.time.Quarter,9,17,68,2004-09-10
Public Class,org.jfree.data.time.Second,10,16,59,2004-09-10
Public Class,org.jfree.data.time.SimpleTimePeriod,2,5,19,2004-09-10
Public Class,org.jfree.data.time.TimePeriodAnchor,2,5,65,2004-09-10
Public Class,org.jfree.data.time.TimePeriodFormatException,1,1,0,2004-09-10
Public Class,org.jfree.data.time.TimePeriodValue,6,8,43,2004-09-10
Public Class,org.jfree.data.time.TimePeriodValues,12,27,87,2004-09-10
Public Class,org.jfree.data.time.TimePeriodValuesCollection,17,27,84,2004-09-10
Public Class,org.jfree.data.time.TimeSeries,17,41,86,2004-09-10
Public Class,org.jfree.data.time.TimeSeriesCollection,18,34,83,2004-09-10
Public Class,org.jfree.data.time.TimeSeriesDataItem,7,9,50,2004-09-10
Public Class,org.jfree.data.time.TimeSeriesTableModel,11,11,77,2004-09-10
Public Class,org.jfree.data.time.TimeTableXYDataset,12,23,77,2004-09-10
Public Class,org.jfree.data.time.Week,10,21,63,2004-09-10
Public Class,org.jfree.data.time.Year,9,15,19,2004-09-10
Public Class,org.jfree.data.time.junit.DataTimePackageTests,21,2,0,2004-09-10
Public Class,org.jfree.data.time.junit.DateRangeTests,15,4,0,2004-09-10
Public Class,org.jfree.data.time.junit.DayTests,21,14,0,2004-09-10
Public Class,org.jfree.data.time.junit.FixedMillisecondTests,13,4,0,2004-09-10
Public Class,org.jfree.data.time.junit.HourTests,17,14,0,2004-09-10
Public Class,org.jfree.data.time.junit.MillisecondTests,20,10,0,2004-09-10
Public Class,org.jfree.data.time.junit.MinuteTests,18,9,0,2004-09-10
Public Class,org.jfree.data.time.junit.MonthTests,18,14,82,2004-09-10
Public Class,org.jfree.data.time.junit.MovingAverageTests,6,4,0,2004-09-10
Public Class,org.jfree.data.time.junit.QuarterTests,18,14,82,2004-09-10
Public Class,org.jfree.data.time.junit.SecondTests,19,9,0,2004-09-10
Public Class,org.jfree.data.time.junit.SimpleTimePeriodTests,14,7,0,2004-09-10
Public Class,org.jfree.data.time.junit.TimePeriodAnchorTests,13,4,0,2004-09-10
Public Class,org.jfree.data.time.junit.TimePeriodValueTests,14,6,0,2004-09-10
Public Class,org.jfree.data.time.junit.TimePeriodValuesTests,21,7,85,2004-09-10
Public Class,org.jfree.data.time.junit.TimeSeriesCollectionTests,17,7,0,2004-09-10
Public Class,org.jfree.data.time.junit.TimeSeriesDataItemTests,15,6,0,2004-09-10
Public Class,org.jfree.data.time.junit.TimeSeriesTests,24,15,86,2004-09-10
Public Class,org.jfree.data.time.junit.WeekTests,16,12,79,2004-09-10
Public Class,org.jfree.data.time.junit.YearTests,17,14,0,2004-09-10
Public Class,org.jfree.data.xml.CategoryDatasetHandler,9,5,19,2004-09-10
Public Class,org.jfree.data.xml.CategorySeriesHandler,11,5,46,2004-09-10
Public Class,org.jfree.data.xml.DatasetReader,15,4,0,2004-09-10
Public Class,org.jfree.data.xml.ItemHandler,10,7,57,2004-09-10
Public Class,org.jfree.data.xml.KeyHandler,7,6,55,2004-09-10
Public Class,org.jfree.data.xml.PieDatasetHandler,9,5,19,2004-09-10
Public Class,org.jfree.data.xml.RootHandler,3,6,16,2004-09-10
Public Class,org.jfree.data.xml.ValueHandler,9,6,50,2004-09-10
Public Class,org.jfree.data.xy.CategoryTableXYDataset,7,24,54,2004-09-10
Public Class,org.jfree.data.xy.DefaultHighLowDataset,5,18,87,2004-09-10
Public Class,org.jfree.data.xy.DefaultOHLCDataset,7,18,66,2004-09-10
Public Class,org.jfree.data.xy.DefaultTableXYDataset,14,35,71,2004-09-10
Public Class,org.jfree.data.xy.DefaultWindDataset,10,12,58,2004-09-10
Public Class,org.jfree.data.xy.MatrixSeries,3,11,45,2004-09-10
Public Class,org.jfree.data.xy.MatrixSeriesCollection,8,15,19,2004-09-10
Public Class,org.jfree.data.xy.NormalizedMatrixSeries,3,6,61,2004-09-10
Public Class,org.jfree.data.xy.OHLCDataItem,5,8,72,2004-09-10
Public Class,org.jfree.data.xy.XYBarDataset,4,11,40,2004-09-10
Public Class,org.jfree.data.xy.XYDataItem,4,9,44,2004-09-10
Public Class,org.jfree.data.xy.XYDatasetTableModel,5,10,50,2004-09-10
Public Class,org.jfree.data.xy.XYSeries,13,29,76,2004-09-10
Public Class,org.jfree.data.xy.XYSeriesCollection,11,28,50,2004-09-10
Public Class,org.jfree.data.xy.junit.DataXYPackageTests,8,2,0,2004-09-10
Public Class,org.jfree.data.xy.junit.DefaultTableXYDatasetTests,16,5,0,2004-09-10
Public Class,org.jfree.data.xy.junit.MatrixSeriesTests,16,8,0,2004-09-10
Public Class,org.jfree.data.xy.junit.TableXYDatasetTests,18,14,0,2004-09-10
Public Class,org.jfree.data.xy.junit.XYDataItemTests,15,5,0,2004-09-10
Public Class,org.jfree.data.xy.junit.XYSeriesCollectionTests,16,5,0,2004-09-10
Public Class,org.jfree.data.xy.junit.XYSeriesTests,16,7,0,2004-09-10
Public Interface,org.jfree.chart.ChartMouseListener,1,2,0,2004-09-10
Public Interface,org.jfree.chart.ChartPanelConstants,1,0,0,2004-09-10
Public Interface,org.jfree.chart.Effect3D,0,2,0,2004-09-10
Public Interface,org.jfree.chart.LegendItemLayout,1,1,0,2004-09-10
Public Interface,org.jfree.chart.ShapeFactory,1,2,0,2004-09-10
Public Interface,org.jfree.chart.annotations.CategoryAnnotation,5,1,0,2004-09-10
Public Interface,org.jfree.chart.annotations.XYAnnotation,4,1,0,2004-09-10
Public Interface,org.jfree.chart.axis.TickUnitSource,1,3,0,2004-09-10
Public Interface,org.jfree.chart.axis.Timeline,1,7,0,2004-09-10
Public Interface,org.jfree.chart.encoders.ImageEncoder,3,6,0,2004-09-10
Public Interface,org.jfree.chart.encoders.ImageFormat,1,0,0,2004-09-10
Public Interface,org.jfree.chart.entity.EntityCollection,3,6,0,2004-09-10
Public Interface,org.jfree.chart.event.AxisChangeListener,1,1,0,2004-09-10
Public Interface,org.jfree.chart.event.ChartChangeListener,1,1,0,2004-09-10
Public Interface,org.jfree.chart.event.ChartProgressListener,1,1,0,2004-09-10
Public Interface,org.jfree.chart.event.LegendChangeListener,1,1,0,2004-09-10
Public Interface,org.jfree.chart.event.PlotChangeListener,1,1,0,2004-09-10
Public Interface,org.jfree.chart.event.RendererChangeListener,1,1,0,2004-09-10
Public Interface,org.jfree.chart.event.TitleChangeListener,1,1,0,2004-09-10
Public Interface,org.jfree.chart.imagemap.ToolTipTagFragmentGenerator,1,1,0,2004-09-10
Public Interface,org.jfree.chart.imagemap.URLTagFragmentGenerator,1,1,0,2004-09-10
Public Interface,org.jfree.chart.labels.CategoryLabelGenerator,2,1,0,2004-09-10
Public Interface,org.jfree.chart.labels.CategoryToolTipGenerator,2,1,0,2004-09-10
Public Interface,org.jfree.chart.labels.ContourToolTipGenerator,2,1,0,2004-09-10
Public Interface,org.jfree.chart.labels.PieSectionLabelGenerator,3,1,0,2004-09-10
Public Interface,org.jfree.chart.labels.PieToolTipGenerator,3,1,0,2004-09-10
Public Interface,org.jfree.chart.labels.XYLabelGenerator,2,1,0,2004-09-10
Public Interface,org.jfree.chart.labels.XYToolTipGenerator,2,1,0,2004-09-10
Public Interface,org.jfree.chart.labels.XYZToolTipGenerator,2,1,0,2004-09-10
Public Interface,org.jfree.chart.plot.ContourValuePlot,1,1,0,2004-09-10
Public Interface,org.jfree.chart.plot.DrawingSupplier,3,5,0,2004-09-10
Public Interface,org.jfree.chart.plot.ValueAxisPlot,2,5,0,2004-09-10
Public Interface,org.jfree.chart.renderer.PolarItemRenderer,9,8,0,2004-09-10
Public Interface,org.jfree.chart.renderer.category.CategoryItemRenderer,22,120,0,2004-09-10
Public Interface,org.jfree.chart.renderer.xy.XYItemRenderer,21,115,0,2004-09-10
Public Interface,org.jfree.chart.urls.CategoryURLGenerator,2,1,0,2004-09-10
Public Interface,org.jfree.chart.urls.PieURLGenerator,3,1,0,2004-09-10
Public Interface,org.jfree.chart.urls.XYURLGenerator,2,1,0,2004-09-10
Public Interface,org.jfree.chart.urls.XYZURLGenerator,2,1,0,2004-09-10
Public Interface,org.jfree.data.DomainInfo,2,3,0,2004-09-10
Public Interface,org.jfree.data.KeyedValue,1,1,0,2004-09-10
Public Interface,org.jfree.data.KeyedValues,3,4,0,2004-09-10
Public Interface,org.jfree.data.KeyedValues2D,3,7,0,2004-09-10
Public Interface,org.jfree.data.RangeInfo,2,3,0,2004-09-10
Public Interface,org.jfree.data.Value,1,1,0,2004-09-10
Public Interface,org.jfree.data.Values,1,2,0,2004-09-10
Public Interface,org.jfree.data.Values2D,1,3,0,2004-09-10
Public Interface,org.jfree.data.category.CategoryDataset,0,0,0,2004-09-10
Public Interface,org.jfree.data.category.IntervalCategoryDataset,2,4,0,2004-09-10
Public Interface,org.jfree.data.contour.ContourDataset,2,9,0,2004-09-10
Public Interface,org.jfree.data.function.Function2D,0,1,0,2004-09-10
Public Interface,org.jfree.data.gantt.GanttCategoryDataset,2,10,0,2004-09-10
Public Interface,org.jfree.data.general.CombinationDataset,1,2,0,2004-09-10
Public Interface,org.jfree.data.general.Dataset,2,4,0,2004-09-10
Public Interface,org.jfree.data.general.DatasetChangeListener,1,1,0,2004-09-10
Public Interface,org.jfree.data.general.KeyedValueDataset,0,0,0,2004-09-10
Public Interface,org.jfree.data.general.KeyedValues2DDataset,0,0,0,2004-09-10
Public Interface,org.jfree.data.general.KeyedValuesDataset,0,0,0,2004-09-10
Public Interface,org.jfree.data.general.MeterDataset,2,11,100,2004-09-10
Public Interface,org.jfree.data.general.PieDataset,0,0,0,2004-09-10
Public Interface,org.jfree.data.general.SeriesChangeListener,1,1,0,2004-09-10
Public Interface,org.jfree.data.general.SeriesDataset,1,2,0,2004-09-10
Public Interface,org.jfree.data.general.ValueDataset,0,0,0,2004-09-10
Public Interface,org.jfree.data.statistics.BoxAndWhiskerCategoryDataset,3,18,0,2004-09-10
Public Interface,org.jfree.data.statistics.BoxAndWhiskerXYDataset,2,11,0,2004-09-10
Public Interface,org.jfree.data.statistics.StatisticalCategoryDataset,2,4,0,2004-09-10
Public Interface,org.jfree.data.time.TimePeriod,1,2,0,2004-09-10
Public Interface,org.jfree.data.xml.DatasetTags,1,0,0,2004-09-10
Public Interface,org.jfree.data.xy.IntervalXYDataset,1,8,0,2004-09-10
Public Interface,org.jfree.data.xy.IntervalXYZDataset,1,6,0,2004-09-10
Public Interface,org.jfree.data.xy.OHLCDataset,1,10,0,2004-09-10
Public Interface,org.jfree.data.xy.SignalsDataset,0,2,100,2004-09-10
Public Interface,org.jfree.data.xy.TableXYDataset,0,1,0,2004-09-10
Public Interface,org.jfree.data.xy.WindDataset,1,2,0,2004-09-10
Public Interface,org.jfree.data.xy.XYDataset,2,6,0,2004-09-10
Public Interface,org.jfree.data.xy.XYZDataset,1,2,0,2004-09-10
Public Interface,org.jfree.data.xy.XisSymbolic,2,3,0,2004-09-10
Public Interface,org.jfree.data.xy.YisSymbolic,2,3,0,2004-09-10
Static Class,org.jfree.chart.junit.BarChart3DTests.LocalListener,1,1,0,2004-09-10
Static Class,org.jfree.chart.junit.BarChartTests.LocalListener,1,1,0,2004-09-10
Static Class,org.jfree.chart.junit.PieChart3DTests.LocalListener,1,1,0,2004-09-10
Static Class,org.jfree.chart.junit.PieChartTests.LocalListener,1,1,0,2004-09-10
Static Class,org.jfree.chart.junit.ScatterPlotTests.LocalListener,1,1,0,2004-09-10
Static Class,org.jfree.chart.junit.StackedBarChartTests.LocalListener,1,1,0,2004-09-10
Static Class,org.jfree.chart.renderer.xy.StackedXYAreaRenderer.StackedXYAreaRendererState,4,8,65,2004-09-10
Static Class,org.jfree.chart.renderer.xy.StackedXYBarRenderer.StackedXYBarRendererState,1,1,0,2004-09-10
Static Class,org.jfree.chart.renderer.xy.XYAreaRenderer.XYAreaRendererState,4,1,0,2004-09-10
